id,model_name,field_name,pdp_class,legal_basis,notes,drop_to_null
pdp_account_account__account_stock_expense_id,account.account,account_stock_expense_id,internal,Not personal data - business record,,False
pdp_account_account__account_stock_variation_id,account.account,account_stock_variation_id,internal,Not personal data - business record,,False
pdp_account_account__account_type,account.account,account_type,internal,Not personal data - business record,"Chart-of-accounts taxonomy (asset_receivable, income, expense, ...). Not personal data. `internal` carries no transform, so the value lands readable - which is what fct_account_move_line needs it for.",False
pdp_account_account__active,account.account,active,internal,Not personal data - business record,,False
pdp_account_account__code_store,account.account,code_store,internal,Not personal data - business record,"Security ruling 2026-08-31: company_dependent, so stored as a per-company jsonb map ({""1"": ""110100""}) - the res.partner.barcode shape. Contract 01 forbids HMAC-ing such a map as a whole; `internal` satisfies that BY CONSTRUCTION, because the internal transform is `none` and nothing is hashed. The ruling's remedy (drop_to_null) does not follow, because that remedy protects a DATA SUBJECT and a ledger account code has none: it identifies an account, not a person. The map lands as-is.",False
pdp_account_account__create_date,account.account,create_date,internal,Not personal data - business record,,False
pdp_account_account__create_uid,account.account,create_uid,internal,Not personal data - business record,,False
pdp_account_account__currency_id,account.account,currency_id,internal,Not personal data - business record,,False
pdp_account_account__description,account.account,description,internal,Not personal data - business record,"Translated jsonb map keyed by language code. Accountant-facing guidance shown against the account in the chart-of-accounts UI; account configuration, not personal data.",False
pdp_account_account__id,account.account,id,internal,Not personal data - business record,,False
pdp_account_account__l10n_allow_payment_destination,account.account,l10n_allow_payment_destination,internal,Not personal data - business record,,False
pdp_account_account__name,account.account,name,internal,Not personal data - business record,"Translated column, so stored as a jsonb map keyed by language code - a map keyed by something other than a data subject, like code_store. `internal` means no transform, so contract 01's no-HMAC-over-a-map ruling is satisfied by construction. Chart-of-accounts labels are internal configuration; they are not published to counterparties, so `public` would overstate it.",False
pdp_account_account__non_trade,account.account,non_trade,internal,Not personal data - business record,,False
pdp_account_account__note,account.account,note,sensitive,UU 27/2022 Art. 4(3) - data pribadi spesifik,"Security ruling 2026-08-31: Odoo labels this field 'Internal Notes'. It is free text on a financial account: an accountant may type anything there, including a beneficiary name or a bank account number, and contract 01 lists bank account under Art. 4(3). Treated like every other free-text column in this registry (res.partner.comment, account.move.narration, stock.picking.note, ...) and dropped to NULL. No metric in contract 03 references it.",True
pdp_account_account__reconcile,account.account,reconcile,internal,Not personal data - business record,,False
pdp_account_account__write_date,account.account,write_date,internal,Not personal data - business record,,False
pdp_account_account__write_uid,account.account,write_uid,internal,Not personal data - business record,,False
pdp_account_move__access_token,account.move,access_token,secret,UU 27/2022 Art. 35 - kewajiban pelindungan; credential material,Credential or key material; never named in the extraction SELECT list.,False
pdp_account_move__always_tax_exigible,account.move,always_tax_exigible,internal,Not personal data - business record,,False
pdp_account_move__amount_residual,account.move,amount_residual,internal,Not personal data - business record,,False
pdp_account_move__amount_residual_signed,account.move,amount_residual_signed,internal,Not personal data - business record,,False
pdp_account_move__amount_tax,account.move,amount_tax,internal,Not personal data - business record,,False
pdp_account_move__amount_tax_signed,account.move,amount_tax_signed,internal,Not personal data - business record,,False
pdp_account_move__amount_total,account.move,amount_total,internal,Not personal data - business record,,False
pdp_account_move__amount_total_in_currency_signed,account.move,amount_total_in_currency_signed,internal,Not personal data - business record,,False
pdp_account_move__amount_total_signed,account.move,amount_total_signed,internal,Not personal data - business record,,False
pdp_account_move__amount_untaxed,account.move,amount_untaxed,internal,Not personal data - business record,,False
pdp_account_move__amount_untaxed_in_currency_signed,account.move,amount_untaxed_in_currency_signed,internal,Not personal data - business record,,False
pdp_account_move__amount_untaxed_signed,account.move,amount_untaxed_signed,internal,Not personal data - business record,,False
pdp_account_move__auto_post,account.move,auto_post,internal,Not personal data - business record,,False
pdp_account_move__auto_post_origin_id,account.move,auto_post_origin_id,internal,Not personal data - business record,,False
pdp_account_move__auto_post_until,account.move,auto_post_until,internal,Not personal data - business record,,False
pdp_account_move__campaign_id,account.move,campaign_id,internal,Not personal data - business record,,False
pdp_account_move__checked,account.move,checked,internal,Not personal data - business record,,False
pdp_account_move__commercial_partner_id,account.move,commercial_partner_id,internal,Not personal data - business record,,False
pdp_account_move__company_id,account.move,company_id,internal,Not personal data - business record,,False
pdp_account_move__create_date,account.move,create_date,internal,Not personal data - business record,,False
pdp_account_move__create_uid,account.move,create_uid,internal,Not personal data - business record,,False
pdp_account_move__currency_id,account.move,currency_id,internal,Not personal data - business record,,False
pdp_account_move__custom_match_result_id,account.move,custom_match_result_id,internal,Not personal data - business record,,False
pdp_account_move__custom_match_status,account.move,custom_match_status,internal,Not personal data - business record,,False
pdp_account_move__custom_recurring_template_id,account.move,custom_recurring_template_id,internal,Not personal data - business record,,False
pdp_account_move__date,account.move,date,internal,Not personal data - business record,,False
pdp_account_move__deferred_entry_type,account.move,deferred_entry_type,internal,Not personal data - business record,,False
pdp_account_move__deferred_origin_move_id,account.move,deferred_origin_move_id,internal,Not personal data - business record,,False
pdp_account_move__delivery_date,account.move,delivery_date,internal,Not personal data - business record,,False
pdp_account_move__fiscal_position_id,account.move,fiscal_position_id,internal,Not personal data - business record,,False
pdp_account_move__id,account.move,id,internal,Not personal data - business record,,False
pdp_account_move__inalterable_hash,account.move,inalterable_hash,secret,UU 27/2022 Art. 35 - kewajiban pelindungan; credential material,Credential or key material; never named in the extraction SELECT list.,False
pdp_account_move__incoterm_location,account.move,incoterm_location,internal,Not personal data - business record,,False
pdp_account_move__invoice_cash_rounding_id,account.move,invoice_cash_rounding_id,internal,Not personal data - business record,,False
pdp_account_move__invoice_currency_rate,account.move,invoice_currency_rate,internal,Not personal data - business record,,False
pdp_account_move__invoice_date,account.move,invoice_date,internal,Not personal data - business record,,False
pdp_account_move__invoice_date_due,account.move,invoice_date_due,internal,Not personal data - business record,,False
pdp_account_move__invoice_incoterm_id,account.move,invoice_incoterm_id,internal,Not personal data - business record,,False
pdp_account_move__invoice_origin,account.move,invoice_origin,internal,Not personal data - business record,,False
pdp_account_move__invoice_partner_display_name,account.move,invoice_partner_display_name,personal,UU 27/2022 Art. 4(2) - data pribadi umum,Direct identifier of a natural person; hashed at load so joins survive.,False
pdp_account_move__invoice_payment_term_id,account.move,invoice_payment_term_id,internal,Not personal data - business record,,False
pdp_account_move__invoice_source_email,account.move,invoice_source_email,personal,UU 27/2022 Art. 4(2) - data pribadi umum,Direct identifier of a natural person; hashed at load so joins survive.,False
pdp_account_move__invoice_user_id,account.move,invoice_user_id,internal,Not personal data - business record,,False
pdp_account_move__is_manually_modified,account.move,is_manually_modified,internal,Not personal data - business record,,False
pdp_account_move__is_move_sent,account.move,is_move_sent,internal,Not personal data - business record,,False
pdp_account_move__journal_id,account.move,journal_id,internal,Not personal data - business record,,False
pdp_account_move__l10n_ou_analytic_id,account.move,l10n_ou_analytic_id,internal,Not personal data - business record,,False
pdp_account_move__l10n_purchase_type,account.move,l10n_purchase_type,internal,Not personal data - business record,,False
pdp_account_move__made_sequence_gap,account.move,made_sequence_gap,internal,Not personal data - business record,,False
pdp_account_move__medium_id,account.move,medium_id,internal,Not personal data - business record,,False
pdp_account_move__message_main_attachment_id,account.move,message_main_attachment_id,internal,Not personal data - business record,,False
pdp_account_move__move_type,account.move,move_type,internal,Not personal data - business record,,False
pdp_account_move__name,account.move,name,internal,Not personal data - business record,,False
pdp_account_move__narration,account.move,narration,sensitive,UU 27/2022 Art. 4(3) - data pribadi spesifik,Free text - may contain any category of personal data; dropped to NULL at load.,True
pdp_account_move__operating_unit_id,account.move,operating_unit_id,internal,Not personal data - business record,,False
pdp_account_move__origin_payment_id,account.move,origin_payment_id,internal,Not personal data - business record,,False
pdp_account_move__partner_bank_id,account.move,partner_bank_id,internal,Not personal data - business record,,False
pdp_account_move__partner_id,account.move,partner_id,internal,Not personal data - business record,,False
pdp_account_move__partner_shipping_id,account.move,partner_shipping_id,internal,Not personal data - business record,,False
pdp_account_move__payment_reference,account.move,payment_reference,internal,Not personal data - business record,,False
pdp_account_move__payment_state,account.move,payment_state,internal,Not personal data - business record,,False
pdp_account_move__petty_cash_realization_id,account.move,petty_cash_realization_id,internal,Not personal data - business record,,False
pdp_account_move__petty_cash_request_id,account.move,petty_cash_request_id,internal,Not personal data - business record,,False
pdp_account_move__posted_before,account.move,posted_before,internal,Not personal data - business record,,False
pdp_account_move__preferred_payment_method_line_id,account.move,preferred_payment_method_line_id,internal,Not personal data - business record,,False
pdp_account_move__qr_code_method,account.move,qr_code_method,internal,Not personal data - business record,,False
pdp_account_move__quick_edit_total_amount,account.move,quick_edit_total_amount,internal,Not personal data - business record,,False
pdp_account_move__ref,account.move,ref,internal,Not personal data - business record,,False
pdp_account_move__retail_categ_reclass_id,account.move,retail_categ_reclass_id,internal,Not personal data - business record,,False
pdp_account_move__reversed_entry_id,account.move,reversed_entry_id,internal,Not personal data - business record,,False
pdp_account_move__reversed_pos_order_id,account.move,reversed_pos_order_id,internal,Not personal data - business record,,False
pdp_account_move__secure_sequence_number,account.move,secure_sequence_number,internal,Not personal data - business record,,False
pdp_account_move__sending_data,account.move,sending_data,internal,Not personal data - business record,,False
pdp_account_move__sequence_number,account.move,sequence_number,internal,Not personal data - business record,,False
pdp_account_move__sequence_prefix,account.move,sequence_prefix,internal,Not personal data - business record,,False
pdp_account_move__source_id,account.move,source_id,internal,Not personal data - business record,,False
pdp_account_move__state,account.move,state,internal,Not personal data - business record,,False
pdp_account_move__statement_line_id,account.move,statement_line_id,internal,Not personal data - business record,,False
pdp_account_move__tax_cash_basis_origin_move_id,account.move,tax_cash_basis_origin_move_id,internal,Not personal data - business record,,False
pdp_account_move__tax_cash_basis_rec_id,account.move,tax_cash_basis_rec_id,internal,Not personal data - business record,,False
pdp_account_move__taxable_supply_date,account.move,taxable_supply_date,internal,Not personal data - business record,,False
pdp_account_move__team_id,account.move,team_id,internal,Not personal data - business record,,False
pdp_account_move__website_id,account.move,website_id,internal,Not personal data - business record,,False
pdp_account_move__write_date,account.move,write_date,internal,Not personal data - business record,,False
pdp_account_move__write_uid,account.move,write_uid,internal,Not personal data - business record,,False
pdp_account_move__x_custom_approval_request_id,account.move,x_custom_approval_request_id,internal,Not personal data - business record,,False
pdp_account_move__x_custom_approval_state,account.move,x_custom_approval_state,internal,Not personal data - business record,,False
pdp_account_move__x_custom_coretax_kode_status,account.move,x_custom_coretax_kode_status,internal,Not personal data - business record,,False
pdp_account_move__x_custom_coretax_replaced_by_id,account.move,x_custom_coretax_replaced_by_id,internal,Not personal data - business record,,False
pdp_account_move__x_custom_coretax_replacement_of_id,account.move,x_custom_coretax_replacement_of_id,internal,Not personal data - business record,,False
pdp_account_move__x_custom_coretax_response_attach_id,account.move,x_custom_coretax_response_attach_id,internal,Not personal data - business record,,False
pdp_account_move__x_custom_coretax_status,account.move,x_custom_coretax_status,internal,Not personal data - business record,,False
pdp_account_move__x_custom_coretax_status_code,account.move,x_custom_coretax_status_code,internal,Not personal data - business record,,False
pdp_account_move__x_custom_coretax_submission_uuid,account.move,x_custom_coretax_submission_uuid,internal,Not personal data - business record,,False
pdp_account_move__x_custom_has_bukti_potong,account.move,x_custom_has_bukti_potong,internal,Not personal data - business record,,False
pdp_account_move__x_custom_has_faktur_pajak,account.move,x_custom_has_faktur_pajak,internal,Not personal data - business record,,False
pdp_account_move__x_custom_ic_mirror_id,account.move,x_custom_ic_mirror_id,internal,Not personal data - business record,,False
pdp_account_move__x_custom_ic_rule_id,account.move,x_custom_ic_rule_id,internal,Not personal data - business record,,False
pdp_account_move__x_custom_ic_source_id,account.move,x_custom_ic_source_id,internal,Not personal data - business record,,False
pdp_account_move__x_custom_no_bukti_potong,account.move,x_custom_no_bukti_potong,internal,Not personal data - business record,,False
pdp_account_move__x_custom_nsfp,account.move,x_custom_nsfp,internal,Not personal data - business record,,False
pdp_account_move__x_custom_ppob_bucket_id,account.move,x_custom_ppob_bucket_id,internal,Not personal data - business record,,False
pdp_account_move__x_custom_ppob_dp_bill_id,account.move,x_custom_ppob_dp_bill_id,internal,Not personal data - business record,,False
pdp_account_move__x_custom_ppob_dp_role,account.move,x_custom_ppob_dp_role,internal,Not personal data - business record,,False
pdp_account_move__x_custom_ppob_is_summary,account.move,x_custom_ppob_is_summary,internal,Not personal data - business record,,False
pdp_account_move__x_custom_ppob_pelunasan_bill_id,account.move,x_custom_ppob_pelunasan_bill_id,internal,Not personal data - business record,,False
pdp_account_move__x_custom_ppob_topup_log_id,account.move,x_custom_ppob_topup_log_id,internal,Not personal data - business record,,False
pdp_account_move__x_custom_show_date,account.move,x_custom_show_date,internal,Not personal data - business record,,False
pdp_account_move__x_custom_subscription_id,account.move,x_custom_subscription_id,internal,Not personal data - business record,,False
pdp_account_move__x_custom_tanggal_bukti_potong,account.move,x_custom_tanggal_bukti_potong,internal,Not personal data - business record,,False
pdp_account_move__x_custom_tanggal_faktur_pajak,account.move,x_custom_tanggal_faktur_pajak,internal,Not personal data - business record,,False
pdp_account_move__x_custom_total_withheld,account.move,x_custom_total_withheld,internal,Not personal data - business record,,False
pdp_account_move__x_custom_withholding_move_id,account.move,x_custom_withholding_move_id,internal,Not personal data - business record,,False
pdp_account_move_line__account_id,account.move.line,account_id,internal,Not personal data - business record,,False
pdp_account_move_line__amount_currency,account.move.line,amount_currency,internal,Not personal data - business record,,False
pdp_account_move_line__amount_residual,account.move.line,amount_residual,internal,Not personal data - business record,,False
pdp_account_move_line__amount_residual_currency,account.move.line,amount_residual_currency,internal,Not personal data - business record,,False
pdp_account_move_line__analytic_distribution,account.move.line,analytic_distribution,internal,Not personal data - business record,,False
pdp_account_move_line__balance,account.move.line,balance,internal,Not personal data - business record,,False
pdp_account_move_line__cogs_origin_id,account.move.line,cogs_origin_id,internal,Not personal data - business record,,False
pdp_account_move_line__collapse_composition,account.move.line,collapse_composition,internal,Not personal data - business record,,False
pdp_account_move_line__collapse_prices,account.move.line,collapse_prices,internal,Not personal data - business record,,False
pdp_account_move_line__company_currency_id,account.move.line,company_currency_id,internal,Not personal data - business record,,False
pdp_account_move_line__company_id,account.move.line,company_id,internal,Not personal data - business record,,False
pdp_account_move_line__create_date,account.move.line,create_date,internal,Not personal data - business record,,False
pdp_account_move_line__create_uid,account.move.line,create_uid,internal,Not personal data - business record,,False
pdp_account_move_line__credit,account.move.line,credit,internal,Not personal data - business record,,False
pdp_account_move_line__currency_id,account.move.line,currency_id,internal,Not personal data - business record,,False
pdp_account_move_line__date,account.move.line,date,internal,Not personal data - business record,,False
pdp_account_move_line__date_maturity,account.move.line,date_maturity,internal,Not personal data - business record,,False
pdp_account_move_line__debit,account.move.line,debit,internal,Not personal data - business record,,False
pdp_account_move_line__deductible_amount,account.move.line,deductible_amount,internal,Not personal data - business record,,False
pdp_account_move_line__deferred_end_date,account.move.line,deferred_end_date,internal,Not personal data - business record,,False
pdp_account_move_line__deferred_start_date,account.move.line,deferred_start_date,internal,Not personal data - business record,,False
pdp_account_move_line__discount,account.move.line,discount,internal,Not personal data - business record,,False
pdp_account_move_line__discount_amount_currency,account.move.line,discount_amount_currency,internal,Not personal data - business record,,False
pdp_account_move_line__discount_balance,account.move.line,discount_balance,internal,Not personal data - business record,,False
pdp_account_move_line__discount_date,account.move.line,discount_date,internal,Not personal data - business record,,False
pdp_account_move_line__display_type,account.move.line,display_type,internal,Not personal data - business record,,False
pdp_account_move_line__expense_id,account.move.line,expense_id,internal,Not personal data - business record,,False
pdp_account_move_line__extra_tax_data,account.move.line,extra_tax_data,internal,Not personal data - business record,,False
pdp_account_move_line__full_reconcile_id,account.move.line,full_reconcile_id,internal,Not personal data - business record,,False
pdp_account_move_line__group_tax_id,account.move.line,group_tax_id,internal,Not personal data - business record,,False
pdp_account_move_line__id,account.move.line,id,internal,Not personal data - business record,,False
pdp_account_move_line__invoice_date,account.move.line,invoice_date,internal,Not personal data - business record,,False
pdp_account_move_line__is_downpayment,account.move.line,is_downpayment,internal,Not personal data - business record,,False
pdp_account_move_line__is_imported,account.move.line,is_imported,internal,Not personal data - business record,,False
pdp_account_move_line__is_storno,account.move.line,is_storno,internal,Not personal data - business record,,False
pdp_account_move_line__journal_id,account.move.line,journal_id,internal,Not personal data - business record,,False
pdp_account_move_line__l10n_ou_analytic_id,account.move.line,l10n_ou_analytic_id,internal,Not personal data - business record,,False
pdp_account_move_line__matching_number,account.move.line,matching_number,internal,Not personal data - business record,,False
pdp_account_move_line__move_id,account.move.line,move_id,internal,Not personal data - business record,,False
pdp_account_move_line__move_name,account.move.line,move_name,internal,Not personal data - business record,,False
pdp_account_move_line__name,account.move.line,name,internal,Not personal data - business record,,False
pdp_account_move_line__no_followup,account.move.line,no_followup,internal,Not personal data - business record,,False
pdp_account_move_line__parent_state,account.move.line,parent_state,internal,Not personal data - business record,,False
pdp_account_move_line__partner_id,account.move.line,partner_id,internal,Not personal data - business record,,False
pdp_account_move_line__payment_id,account.move.line,payment_id,internal,Not personal data - business record,,False
pdp_account_move_line__price_subtotal,account.move.line,price_subtotal,internal,Not personal data - business record,,False
pdp_account_move_line__price_total,account.move.line,price_total,internal,Not personal data - business record,,False
pdp_account_move_line__price_unit,account.move.line,price_unit,internal,Not personal data - business record,,False
pdp_account_move_line__product_id,account.move.line,product_id,internal,Not personal data - business record,,False
pdp_account_move_line__product_uom_id,account.move.line,product_uom_id,internal,Not personal data - business record,,False
pdp_account_move_line__purchase_line_id,account.move.line,purchase_line_id,internal,Not personal data - business record,,False
pdp_account_move_line__quantity,account.move.line,quantity,internal,Not personal data - business record,,False
pdp_account_move_line__reconcile_model_id,account.move.line,reconcile_model_id,internal,Not personal data - business record,,False
pdp_account_move_line__reconciled,account.move.line,reconciled,internal,Not personal data - business record,,False
pdp_account_move_line__ref,account.move.line,ref,internal,Not personal data - business record,,False
pdp_account_move_line__sequence,account.move.line,sequence,internal,Not personal data - business record,,False
pdp_account_move_line__statement_id,account.move.line,statement_id,internal,Not personal data - business record,,False
pdp_account_move_line__statement_line_id,account.move.line,statement_line_id,internal,Not personal data - business record,,False
pdp_account_move_line__tax_base_amount,account.move.line,tax_base_amount,internal,Not personal data - business record,,False
pdp_account_move_line__tax_group_id,account.move.line,tax_group_id,internal,Not personal data - business record,,False
pdp_account_move_line__tax_line_id,account.move.line,tax_line_id,internal,Not personal data - business record,,False
pdp_account_move_line__tax_repartition_line_id,account.move.line,tax_repartition_line_id,internal,Not personal data - business record,,False
pdp_account_move_line__vehicle_id,account.move.line,vehicle_id,internal,Not personal data - business record,,False
pdp_account_move_line__write_date,account.move.line,write_date,internal,Not personal data - business record,,False
pdp_account_move_line__write_uid,account.move.line,write_uid,internal,Not personal data - business record,,False
pdp_account_move_line__x_custom_tax_label,account.move.line,x_custom_tax_label,internal,Not personal data - business record,,False
pdp_account_move_line__x_custom_withholding_category_id,account.move.line,x_custom_withholding_category_id,internal,Not personal data - business record,,False
pdp_operating_unit__active,operating.unit,active,internal,Not personal data - business record,,False
pdp_operating_unit__code,operating.unit,code,internal,Not personal data - business record,,False
pdp_operating_unit__company_id,operating.unit,company_id,internal,Not personal data - business record,,False
pdp_operating_unit__complete_name,operating.unit,complete_name,internal,Not personal data - business record,,False
pdp_operating_unit__create_date,operating.unit,create_date,internal,Not personal data - business record,,False
pdp_operating_unit__create_uid,operating.unit,create_uid,internal,Not personal data - business record,,False
pdp_operating_unit__id,operating.unit,id,internal,Not personal data - business record,,False
pdp_operating_unit__manager_id,operating.unit,manager_id,internal,Not personal data - business record,,False
pdp_operating_unit__name,operating.unit,name,internal,Not personal data - business record,,False
pdp_operating_unit__parent_id,operating.unit,parent_id,internal,Not personal data - business record,,False
pdp_operating_unit__parent_path,operating.unit,parent_path,internal,Not personal data - business record,,False
pdp_operating_unit__write_date,operating.unit,write_date,internal,Not personal data - business record,,False
pdp_operating_unit__write_uid,operating.unit,write_uid,internal,Not personal data - business record,,False
pdp_pos_order__access_token,pos.order,access_token,secret,UU 27/2022 Art. 35 - kewajiban pelindungan; credential material,Credential or key material; never named in the extraction SELECT list.,False
pdp_pos_order__account_move,pos.order,account_move,internal,Not personal data - business record,,False
pdp_pos_order__amount_difference,pos.order,amount_difference,internal,Not personal data - business record,,False
pdp_pos_order__amount_paid,pos.order,amount_paid,internal,Not personal data - business record,,False
pdp_pos_order__amount_return,pos.order,amount_return,internal,Not personal data - business record,,False
pdp_pos_order__amount_tax,pos.order,amount_tax,internal,Not personal data - business record,,False
pdp_pos_order__amount_total,pos.order,amount_total,internal,Not personal data - business record,,False
pdp_pos_order__company_id,pos.order,company_id,internal,Not personal data - business record,,False
pdp_pos_order__config_id,pos.order,config_id,internal,Not personal data - business record,,False
pdp_pos_order__create_date,pos.order,create_date,internal,Not personal data - business record,,False
pdp_pos_order__create_uid,pos.order,create_uid,internal,Not personal data - business record,,False
pdp_pos_order__crm_team_id,pos.order,crm_team_id,internal,Not personal data - business record,,False
pdp_pos_order__currency_rate,pos.order,currency_rate,internal,Not personal data - business record,,False
pdp_pos_order__date_order,pos.order,date_order,internal,Not personal data - business record,,False
pdp_pos_order__email,pos.order,email,personal,UU 27/2022 Art. 4(2) - data pribadi umum,Direct identifier of a natural person; hashed at load so joins survive.,False
pdp_pos_order__fiscal_position_id,pos.order,fiscal_position_id,internal,Not personal data - business record,,False
pdp_pos_order__floating_order_name,pos.order,floating_order_name,personal,UU 27/2022 Art. 4(2) - data pribadi umum,Direct identifier of a natural person; hashed at load so joins survive.,False
pdp_pos_order__general_customer_note,pos.order,general_customer_note,sensitive,UU 27/2022 Art. 4(3) - data pribadi spesifik,Free text - may contain any category of personal data; dropped to NULL at load.,True
pdp_pos_order__has_deleted_line,pos.order,has_deleted_line,internal,Not personal data - business record,,False
pdp_pos_order__id,pos.order,id,internal,Not personal data - business record,,False
pdp_pos_order__internal_note,pos.order,internal_note,sensitive,UU 27/2022 Art. 4(3) - data pribadi spesifik,Free text - may contain any category of personal data; dropped to NULL at load.,True
pdp_pos_order__is_refund,pos.order,is_refund,internal,Not personal data - business record,,False
pdp_pos_order__is_tipped,pos.order,is_tipped,internal,Not personal data - business record,,False
pdp_pos_order__last_order_preparation_change,pos.order,last_order_preparation_change,internal,Not personal data - business record,,False
pdp_pos_order__mobile,pos.order,mobile,personal,UU 27/2022 Art. 4(2) - data pribadi umum,Direct identifier of a natural person; hashed at load so joins survive.,False
pdp_pos_order__name,pos.order,name,internal,Not personal data - business record,,False
pdp_pos_order__nb_print,pos.order,nb_print,internal,Not personal data - business record,,False
pdp_pos_order__next_online_payment_amount,pos.order,next_online_payment_amount,internal,Not personal data - business record,,False
pdp_pos_order__operating_unit_id,pos.order,operating_unit_id,internal,Not personal data - business record,,False
pdp_pos_order__partner_id,pos.order,partner_id,internal,Not personal data - business record,,False
pdp_pos_order__pos_reference,pos.order,pos_reference,internal,Not personal data - business record,,False
pdp_pos_order__preset_id,pos.order,preset_id,internal,Not personal data - business record,,False
pdp_pos_order__preset_time,pos.order,preset_time,internal,Not personal data - business record,,False
pdp_pos_order__pricelist_id,pos.order,pricelist_id,internal,Not personal data - business record,,False
pdp_pos_order__ri_customer_phone,pos.order,ri_customer_phone,internal,Not personal data - business record,,False
pdp_pos_order__ri_member_id,pos.order,ri_member_id,internal,Not personal data - business record,,False
pdp_pos_order__ri_member_type,pos.order,ri_member_type,internal,Not personal data - business record,,False
pdp_pos_order__ri_omni_order_id,pos.order,ri_omni_order_id,internal,Not personal data - business record,,False
pdp_pos_order__ri_staff_id,pos.order,ri_staff_id,internal,Not personal data - business record,,False
pdp_pos_order__ri_staff_name,pos.order,ri_staff_name,internal,Not personal data - business record,,False
pdp_pos_order__ri_transaction_note,pos.order,ri_transaction_note,internal,Not personal data - business record,,False
pdp_pos_order__sale_journal,pos.order,sale_journal,internal,Not personal data - business record,,False
pdp_pos_order__sequence_number,pos.order,sequence_number,internal,Not personal data - business record,,False
pdp_pos_order__session_id,pos.order,session_id,internal,Not personal data - business record,,False
pdp_pos_order__shipping_date,pos.order,shipping_date,internal,Not personal data - business record,,False
pdp_pos_order__source,pos.order,source,internal,Not personal data - business record,,False
pdp_pos_order__state,pos.order,state,internal,Not personal data - business record,,False
pdp_pos_order__ticket_code,pos.order,ticket_code,secret,UU 27/2022 Art. 35 - kewajiban pelindungan; credential material,Credential or key material; never named in the extraction SELECT list.,False
pdp_pos_order__tip_amount,pos.order,tip_amount,internal,Not personal data - business record,,False
pdp_pos_order__to_invoice,pos.order,to_invoice,internal,Not personal data - business record,,False
pdp_pos_order__tracking_number,pos.order,tracking_number,internal,Not personal data - business record,,False
pdp_pos_order__user_id,pos.order,user_id,internal,Not personal data - business record,,False
pdp_pos_order__uuid,pos.order,uuid,internal,Not personal data - business record,,False
pdp_pos_order__write_date,pos.order,write_date,internal,Not personal data - business record,,False
pdp_pos_order__write_uid,pos.order,write_uid,internal,Not personal data - business record,,False
pdp_pos_order__x_eperformance_receipt_channel,pos.order,x_eperformance_receipt_channel,internal,Not personal data - business record,,False
pdp_pos_order__x_eperformance_receipt_sent,pos.order,x_eperformance_receipt_sent,internal,Not personal data - business record,,False
pdp_pos_order__x_idr_rounding_applied,pos.order,x_idr_rounding_applied,internal,Not personal data - business record,,False
pdp_pos_order__x_loyalty_credited,pos.order,x_loyalty_credited,internal,Not personal data - business record,,False
pdp_pos_order__x_loyalty_points_earned,pos.order,x_loyalty_points_earned,internal,Not personal data - business record,,False
pdp_pos_order_line__combo_item_id,pos.order.line,combo_item_id,internal,Not personal data - business record,,False
pdp_pos_order_line__combo_parent_id,pos.order.line,combo_parent_id,internal,Not personal data - business record,,False
pdp_pos_order_line__company_id,pos.order.line,company_id,internal,Not personal data - business record,,False
pdp_pos_order_line__create_date,pos.order.line,create_date,internal,Not personal data - business record,,False
pdp_pos_order_line__create_uid,pos.order.line,create_uid,internal,Not personal data - business record,,False
pdp_pos_order_line__customer_note,pos.order.line,customer_note,sensitive,UU 27/2022 Art. 4(3) - data pribadi spesifik,Free text - may contain any category of personal data; dropped to NULL at load.,True
pdp_pos_order_line__discount,pos.order.line,discount,internal,Not personal data - business record,,False
pdp_pos_order_line__down_payment_details,pos.order.line,down_payment_details,internal,Not personal data - business record,,False
pdp_pos_order_line__extra_tax_data,pos.order.line,extra_tax_data,internal,Not personal data - business record,,False
pdp_pos_order_line__full_product_name,pos.order.line,full_product_name,internal,Not personal data - business record,,False
pdp_pos_order_line__id,pos.order.line,id,internal,Not personal data - business record,,False
pdp_pos_order_line__is_edited,pos.order.line,is_edited,internal,Not personal data - business record,,False
pdp_pos_order_line__is_total_cost_computed,pos.order.line,is_total_cost_computed,internal,Not personal data - business record,,False
pdp_pos_order_line__name,pos.order.line,name,internal,Not personal data - business record,,False
pdp_pos_order_line__note,pos.order.line,note,sensitive,UU 27/2022 Art. 4(3) - data pribadi spesifik,Free text - may contain any category of personal data; dropped to NULL at load.,True
pdp_pos_order_line__notice,pos.order.line,notice,sensitive,UU 27/2022 Art. 4(3) - data pribadi spesifik,Free text - may contain any category of personal data; dropped to NULL at load.,True
pdp_pos_order_line__order_id,pos.order.line,order_id,internal,Not personal data - business record,,False
pdp_pos_order_line__price_extra,pos.order.line,price_extra,internal,Not personal data - business record,,False
pdp_pos_order_line__price_subtotal,pos.order.line,price_subtotal,internal,Not personal data - business record,,False
pdp_pos_order_line__price_subtotal_incl,pos.order.line,price_subtotal_incl,internal,Not personal data - business record,,False
pdp_pos_order_line__price_type,pos.order.line,price_type,internal,Not personal data - business record,,False
pdp_pos_order_line__price_unit,pos.order.line,price_unit,internal,Not personal data - business record,,False
pdp_pos_order_line__product_id,pos.order.line,product_id,internal,Not personal data - business record,,False
pdp_pos_order_line__qty,pos.order.line,qty,internal,Not personal data - business record,,False
pdp_pos_order_line__qty_delivered,pos.order.line,qty_delivered,internal,Not personal data - business record,,False
pdp_pos_order_line__refunded_orderline_id,pos.order.line,refunded_orderline_id,internal,Not personal data - business record,,False
pdp_pos_order_line__ri_discount_code,pos.order.line,ri_discount_code,internal,Not personal data - business record,,False
pdp_pos_order_line__ri_discount_description,pos.order.line,ri_discount_description,internal,Not personal data - business record,,False
pdp_pos_order_line__ri_discount_type,pos.order.line,ri_discount_type,internal,Not personal data - business record,,False
pdp_pos_order_line__ri_is_return,pos.order.line,ri_is_return,internal,Not personal data - business record,,False
pdp_pos_order_line__ri_line_comment,pos.order.line,ri_line_comment,internal,Not personal data - business record,,False
pdp_pos_order_line__ri_src_discount,pos.order.line,ri_src_discount,internal,Not personal data - business record,,False
pdp_pos_order_line__ri_src_net,pos.order.line,ri_src_net,internal,Not personal data - business record,,False
pdp_pos_order_line__ri_src_tax,pos.order.line,ri_src_tax,internal,Not personal data - business record,,False
pdp_pos_order_line__ri_staff_id,pos.order.line,ri_staff_id,internal,Not personal data - business record,,False
pdp_pos_order_line__ri_staff_name,pos.order.line,ri_staff_name,internal,Not personal data - business record,,False
pdp_pos_order_line__sale_order_line_id,pos.order.line,sale_order_line_id,internal,Not personal data - business record,,False
pdp_pos_order_line__sale_order_origin_id,pos.order.line,sale_order_origin_id,internal,Not personal data - business record,,False
pdp_pos_order_line__total_cost,pos.order.line,total_cost,internal,Not personal data - business record,,False
pdp_pos_order_line__uuid,pos.order.line,uuid,internal,Not personal data - business record,,False
pdp_pos_order_line__write_date,pos.order.line,write_date,internal,Not personal data - business record,,False
pdp_pos_order_line__write_uid,pos.order.line,write_uid,internal,Not personal data - business record,,False
pdp_ppob_biller__active,ppob.biller,active,internal,Not personal data - business record,,False
pdp_ppob_biller__category,ppob.biller,category,public,Not personal data - published to counterparties,,False
pdp_ppob_biller__code,ppob.biller,code,public,Not personal data - published to counterparties,,False
pdp_ppob_biller__company_id,ppob.biller,company_id,internal,Not personal data - business record,,False
pdp_ppob_biller__create_date,ppob.biller,create_date,internal,Not personal data - business record,,False
pdp_ppob_biller__create_uid,ppob.biller,create_uid,internal,Not personal data - business record,,False
pdp_ppob_biller__id,ppob.biller,id,internal,Not personal data - business record,,False
pdp_ppob_biller__name,ppob.biller,name,public,Not personal data - published to counterparties,,False
pdp_ppob_biller__sla_target_seconds,ppob.biller,sla_target_seconds,internal,Not personal data - business record,,False
pdp_ppob_biller__write_date,ppob.biller,write_date,internal,Not personal data - business record,,False
pdp_ppob_biller__write_uid,ppob.biller,write_uid,internal,Not personal data - business record,,False
pdp_ppob_transaction__admin_fee,ppob.transaction,admin_fee,internal,Not personal data - business record,,False
pdp_ppob_transaction__amount,ppob.transaction,amount,internal,Not personal data - business record,,False
pdp_ppob_transaction__biller_id,ppob.transaction,biller_id,internal,Not personal data - business record,,False
pdp_ppob_transaction__biller_reference,ppob.transaction,biller_reference,internal,Not personal data - business record,,False
pdp_ppob_transaction__commission,ppob.transaction,commission,internal,Not personal data - business record,,False
pdp_ppob_transaction__company_id,ppob.transaction,company_id,internal,Not personal data - business record,,False
pdp_ppob_transaction__create_date,ppob.transaction,create_date,internal,Not personal data - business record,,False
pdp_ppob_transaction__create_uid,ppob.transaction,create_uid,internal,Not personal data - business record,,False
pdp_ppob_transaction__currency_id,ppob.transaction,currency_id,internal,Not personal data - business record,,False
pdp_ppob_transaction__customer_name,ppob.transaction,customer_name,personal,UU 27/2022 Art. 4(2) - data pribadi umum,Direct identifier of a natural person; hashed at load so joins survive.,False
pdp_ppob_transaction__customer_ref,ppob.transaction,customer_ref,sensitive,UU 27/2022 Art. 4(3) - data pribadi spesifik,"Subscriber / meter number. Identifies a household and, joined to amount over time, its consumption pattern. Hashed at load - the digest still supports repeat-customer counts.",False
pdp_ppob_transaction__failure_reason,ppob.transaction,failure_reason,sensitive,UU 27/2022 Art. 4(3) - data pribadi spesifik,Free text from the biller; may echo subscriber details. Dropped to NULL at load.,True
pdp_ppob_transaction__id,ppob.transaction,id,internal,Not personal data - business record,,False
pdp_ppob_transaction__name,ppob.transaction,name,internal,Not personal data - business record,,False
pdp_ppob_transaction__operating_unit_id,ppob.transaction,operating_unit_id,internal,Not personal data - business record,,False
pdp_ppob_transaction__partner_id,ppob.transaction,partner_id,internal,Not personal data - business record,,False
pdp_ppob_transaction__product_id,ppob.transaction,product_id,internal,Not personal data - business record,,False
pdp_ppob_transaction__requested_at,ppob.transaction,requested_at,internal,Not personal data - business record,,False
pdp_ppob_transaction__settled_at,ppob.transaction,settled_at,internal,Not personal data - business record,,False
pdp_ppob_transaction__sla_breached,ppob.transaction,sla_breached,internal,Not personal data - business record,,False
pdp_ppob_transaction__sla_seconds,ppob.transaction,sla_seconds,internal,Not personal data - business record,,False
pdp_ppob_transaction__state,ppob.transaction,state,internal,Not personal data - business record,,False
pdp_ppob_transaction__total_amount,ppob.transaction,total_amount,internal,Not personal data - business record,,False
pdp_ppob_transaction__write_date,ppob.transaction,write_date,internal,Not personal data - business record,,False
pdp_ppob_transaction__write_uid,ppob.transaction,write_uid,internal,Not personal data - business record,,False
pdp_product_product__abc_class,product.product,abc_class,internal,Not personal data - business record,,False
pdp_product_product__active,product.product,active,internal,Not personal data - business record,,False
pdp_product_product__barcode,product.product,barcode,public,Not personal data - published to counterparties,,False
pdp_product_product__base_unit_count,product.product,base_unit_count,internal,Not personal data - business record,,False
pdp_product_product__base_unit_id,product.product,base_unit_id,internal,Not personal data - business record,,False
pdp_product_product__can_image_variant_1024_be_zoomed,product.product,can_image_variant_1024_be_zoomed,internal,Not personal data - business record,,False
pdp_product_product__combination_indices,product.product,combination_indices,internal,Not personal data - business record,,False
pdp_product_product__create_date,product.product,create_date,internal,Not personal data - business record,,False
pdp_product_product__create_uid,product.product,create_uid,internal,Not personal data - business record,,False
pdp_product_product__default_code,product.product,default_code,public,Not personal data - published to counterparties,,False
pdp_product_product__id,product.product,id,internal,Not personal data - business record,,False
pdp_product_product__is_favorite,product.product,is_favorite,internal,Not personal data - business record,,False
pdp_product_product__is_in_selected_section_of_order,product.product,is_in_selected_section_of_order,internal,Not personal data - business record,,False
pdp_product_product__lot_properties_definition,product.product,lot_properties_definition,internal,Not personal data - business record,,False
pdp_product_product__mdm_sku_code,product.product,mdm_sku_code,internal,Not personal data - business record,,False
pdp_product_product__product_tmpl_id,product.product,product_tmpl_id,internal,Not personal data - business record,,False
pdp_product_product__standard_price,product.product,standard_price,internal,Not personal data - business record,,False
pdp_product_product__variant_ribbon_id,product.product,variant_ribbon_id,internal,Not personal data - business record,,False
pdp_product_product__volume,product.product,volume,internal,Not personal data - business record,,False
pdp_product_product__weight,product.product,weight,internal,Not personal data - business record,,False
pdp_product_product__wms_package_type_id,product.product,wms_package_type_id,internal,Not personal data - business record,,False
pdp_product_product__wms_piece_height_mm,product.product,wms_piece_height_mm,internal,Not personal data - business record,,False
pdp_product_product__wms_piece_length_mm,product.product,wms_piece_length_mm,internal,Not personal data - business record,,False
pdp_product_product__wms_piece_width_mm,product.product,wms_piece_width_mm,internal,Not personal data - business record,,False
pdp_product_product__wms_storage_section_id,product.product,wms_storage_section_id,internal,Not personal data - business record,,False
pdp_product_product__wms_storage_type_id,product.product,wms_storage_type_id,internal,Not personal data - business record,,False
pdp_product_product__wms_units_per_package,product.product,wms_units_per_package,internal,Not personal data - business record,,False
pdp_product_product__wms_volume_ccm,product.product,wms_volume_ccm,internal,Not personal data - business record,,False
pdp_product_product__write_date,product.product,write_date,internal,Not personal data - business record,,False
pdp_product_product__write_uid,product.product,write_uid,internal,Not personal data - business record,,False
pdp_product_product__x_esb_product_code,product.product,x_esb_product_code,internal,Not personal data - business record,,False
pdp_product_product__x_esb_product_detail_id,product.product,x_esb_product_detail_id,internal,Not personal data - business record,,False
pdp_product_product__x_esb_product_id,product.product,x_esb_product_id,internal,Not personal data - business record,,False
pdp_product_product__x_esb_synced_at,product.product,x_esb_synced_at,internal,Not personal data - business record,,False
pdp_product_template__abc_class,product.template,abc_class,internal,Not personal data - business record,,False
pdp_product_template__active,product.template,active,internal,Not personal data - business record,,False
pdp_product_template__alert_time,product.template,alert_time,internal,Not personal data - business record,,False
pdp_product_template__allow_out_of_stock_order,product.template,allow_out_of_stock_order,internal,Not personal data - business record,,False
pdp_product_template__asset_group_id,product.template,asset_group_id,internal,Not personal data - business record,,False
pdp_product_template__auto_create_rental_asset,product.template,auto_create_rental_asset,internal,Not personal data - business record,,False
pdp_product_template__available_in_pos,product.template,available_in_pos,internal,Not personal data - business record,,False
pdp_product_template__available_threshold,product.template,available_threshold,internal,Not personal data - business record,,False
pdp_product_template__base_unit_count,product.template,base_unit_count,internal,Not personal data - business record,,False
pdp_product_template__base_unit_id,product.template,base_unit_id,internal,Not personal data - business record,,False
pdp_product_template__can_be_expensed,product.template,can_be_expensed,internal,Not personal data - business record,,False
pdp_product_template__can_image_1024_be_zoomed,product.template,can_image_1024_be_zoomed,internal,Not personal data - business record,,False
pdp_product_template__categ_id,product.template,categ_id,internal,Not personal data - business record,,False
pdp_product_template__color,product.template,color,internal,Not personal data - business record,,False
pdp_product_template__company_id,product.template,company_id,internal,Not personal data - business record,,False
pdp_product_template__compare_list_price,product.template,compare_list_price,internal,Not personal data - business record,,False
pdp_product_template__country_of_origin,product.template,country_of_origin,internal,Not personal data - business record,,False
pdp_product_template__create_date,product.template,create_date,internal,Not personal data - business record,,False
pdp_product_template__create_uid,product.template,create_uid,internal,Not personal data - business record,,False
pdp_product_template__default_code,product.template,default_code,public,Not personal data - published to counterparties,,False
pdp_product_template__description,product.template,description,public,Not personal data - published to counterparties,,False
pdp_product_template__description_ecommerce,product.template,description_ecommerce,internal,Not personal data - business record,,False
pdp_product_template__description_picking,product.template,description_picking,internal,Not personal data - business record,,False
pdp_product_template__description_pickingin,product.template,description_pickingin,internal,Not personal data - business record,,False
pdp_product_template__description_pickingout,product.template,description_pickingout,internal,Not personal data - business record,,False
pdp_product_template__description_purchase,product.template,description_purchase,internal,Not personal data - business record,,False
pdp_product_template__description_sale,product.template,description_sale,public,Not personal data - published to counterparties,,False
pdp_product_template__expense_policy,product.template,expense_policy,internal,Not personal data - business record,,False
pdp_product_template__expiration_time,product.template,expiration_time,internal,Not personal data - business record,,False
pdp_product_template__has_configurable_attributes,product.template,has_configurable_attributes,internal,Not personal data - business record,,False
pdp_product_template__hs_code,product.template,hs_code,internal,Not personal data - business record,,False
pdp_product_template__id,product.template,id,internal,Not personal data - business record,,False
pdp_product_template__invoice_policy,product.template,invoice_policy,internal,Not personal data - business record,,False
pdp_product_template__is_favorite,product.template,is_favorite,internal,Not personal data - business record,,False
pdp_product_template__is_published,product.template,is_published,internal,Not personal data - business record,,False
pdp_product_template__is_rentable,product.template,is_rentable,internal,Not personal data - business record,,False
pdp_product_template__is_rental_asset,product.template,is_rental_asset,internal,Not personal data - business record,,False
pdp_product_template__is_seo_optimized,product.template,is_seo_optimized,internal,Not personal data - business record,,False
pdp_product_template__is_storable,product.template,is_storable,internal,Not personal data - business record,,False
pdp_product_template__list_price,product.template,list_price,public,Not personal data - published to counterparties,,False
pdp_product_template__lot_sequence_id,product.template,lot_sequence_id,internal,Not personal data - business record,,False
pdp_product_template__lot_valuated,product.template,lot_valuated,internal,Not personal data - business record,,False
pdp_product_template__mdm_active_flag,product.template,mdm_active_flag,internal,Not personal data - business record,,False
pdp_product_template__mdm_base_cost,product.template,mdm_base_cost,internal,Not personal data - business record,,False
pdp_product_template__mdm_brand,product.template,mdm_brand,internal,Not personal data - business record,,False
pdp_product_template__mdm_category_unmapped,product.template,mdm_category_unmapped,internal,Not personal data - business record,,False
pdp_product_template__mdm_classification,product.template,mdm_classification,internal,Not personal data - business record,,False
pdp_product_template__mdm_content_hash,product.template,mdm_content_hash,internal,Not personal data - business record,,False
pdp_product_template__mdm_gender,product.template,mdm_gender,internal,Not personal data - business record,,False
pdp_product_template__mdm_height,product.template,mdm_height,internal,Not personal data - business record,,False
pdp_product_template__mdm_length,product.template,mdm_length,internal,Not personal data - business record,,False
pdp_product_template__mdm_pending,product.template,mdm_pending,internal,Not personal data - business record,,False
pdp_product_template__mdm_raw_json,product.template,mdm_raw_json,internal,Not personal data - business record,,False
pdp_product_template__mdm_request_id,product.template,mdm_request_id,internal,Not personal data - business record,,False
pdp_product_template__mdm_season,product.template,mdm_season,internal,Not personal data - business record,,False
pdp_product_template__mdm_segment,product.template,mdm_segment,internal,Not personal data - business record,,False
pdp_product_template__mdm_source,product.template,mdm_source,internal,Not personal data - business record,,False
pdp_product_template__mdm_synced_at,product.template,mdm_synced_at,internal,Not personal data - business record,,False
pdp_product_template__mdm_template_code,product.template,mdm_template_code,internal,Not personal data - business record,,False
pdp_product_template__mdm_vendor_code,product.template,mdm_vendor_code,internal,Not personal data - business record,,False
pdp_product_template__mdm_width,product.template,mdm_width,internal,Not personal data - business record,,False
pdp_product_template__name,product.template,name,public,Not personal data - published to counterparties,,False
pdp_product_template__out_of_stock_message,product.template,out_of_stock_message,internal,Not personal data - business record,,False
pdp_product_template__pos_sequence,product.template,pos_sequence,internal,Not personal data - business record,,False
pdp_product_template__product_properties,product.template,product_properties,internal,Not personal data - business record,,False
pdp_product_template__project_id,product.template,project_id,internal,Not personal data - business record,,False
pdp_product_template__project_template_id,product.template,project_template_id,internal,Not personal data - business record,,False
pdp_product_template__property_account_expense_id,product.template,property_account_expense_id,internal,Not personal data - business record,,False
pdp_product_template__property_account_income_id,product.template,property_account_income_id,internal,Not personal data - business record,,False
pdp_product_template__property_price_difference_account_id,product.template,property_price_difference_account_id,internal,Not personal data - business record,,False
pdp_product_template__property_stock_inventory,product.template,property_stock_inventory,internal,Not personal data - business record,,False
pdp_product_template__property_stock_production,product.template,property_stock_production,internal,Not personal data - business record,,False
pdp_product_template__public_description,product.template,public_description,public,Not personal data - published to counterparties,,False
pdp_product_template__publish_date,product.template,publish_date,internal,Not personal data - business record,,False
pdp_product_template__purchase_line_warn_msg,product.template,purchase_line_warn_msg,internal,Not personal data - business record,,False
pdp_product_template__purchase_method,product.template,purchase_method,internal,Not personal data - business record,,False
pdp_product_template__purchase_ok,product.template,purchase_ok,internal,Not personal data - business record,,False
pdp_product_template__rating_last_value,product.template,rating_last_value,internal,Not personal data - business record,,False
pdp_product_template__removal_time,product.template,removal_time,internal,Not personal data - business record,,False
pdp_product_template__responsible_id,product.template,responsible_id,internal,Not personal data - business record,,False
pdp_product_template__sale_delay,product.template,sale_delay,internal,Not personal data - business record,,False
pdp_product_template__sale_line_warn_msg,product.template,sale_line_warn_msg,internal,Not personal data - business record,,False
pdp_product_template__sale_ok,product.template,sale_ok,internal,Not personal data - business record,,False
pdp_product_template__sap_brand_code,product.template,sap_brand_code,internal,Not personal data - business record,,False
pdp_product_template__sap_category_code,product.template,sap_category_code,internal,Not personal data - business record,,False
pdp_product_template__sap_old_material_num,product.template,sap_old_material_num,internal,Not personal data - business record,,False
pdp_product_template__seo_name,product.template,seo_name,internal,Not personal data - business record,,False
pdp_product_template__sequence,product.template,sequence,internal,Not personal data - business record,,False
pdp_product_template__service_to_purchase,product.template,service_to_purchase,internal,Not personal data - business record,,False
pdp_product_template__service_tracking,product.template,service_tracking,internal,Not personal data - business record,,False
pdp_product_template__service_type,product.template,service_type,internal,Not personal data - business record,,False
pdp_product_template__service_upsell_threshold,product.template,service_upsell_threshold,internal,Not personal data - business record,,False
pdp_product_template__show_availability,product.template,show_availability,internal,Not personal data - business record,,False
pdp_product_template__task_template_id,product.template,task_template_id,internal,Not personal data - business record,,False
pdp_product_template__to_weight,product.template,to_weight,internal,Not personal data - business record,,False
pdp_product_template__tracking,product.template,tracking,internal,Not personal data - business record,,False
pdp_product_template__type,product.template,type,internal,Not personal data - business record,,False
pdp_product_template__uom_id,product.template,uom_id,internal,Not personal data - business record,,False
pdp_product_template__use_expiration_date,product.template,use_expiration_date,internal,Not personal data - business record,,False
pdp_product_template__use_time,product.template,use_time,internal,Not personal data - business record,,False
pdp_product_template__variants_default_code,product.template,variants_default_code,internal,Not personal data - business record,,False
pdp_product_template__volume,product.template,volume,internal,Not personal data - business record,,False
pdp_product_template__website_description,product.template,website_description,internal,Not personal data - business record,,False
pdp_product_template__website_id,product.template,website_id,internal,Not personal data - business record,,False
pdp_product_template__website_meta_description,product.template,website_meta_description,internal,Not personal data - business record,,False
pdp_product_template__website_meta_keywords,product.template,website_meta_keywords,internal,Not personal data - business record,,False
pdp_product_template__website_meta_og_img,product.template,website_meta_og_img,internal,Not personal data - business record,,False
pdp_product_template__website_meta_title,product.template,website_meta_title,internal,Not personal data - business record,,False
pdp_product_template__website_ribbon_id,product.template,website_ribbon_id,internal,Not personal data - business record,,False
pdp_product_template__website_sequence,product.template,website_sequence,internal,Not personal data - business record,,False
pdp_product_template__website_size_x,product.template,website_size_x,internal,Not personal data - business record,,False
pdp_product_template__website_size_y,product.template,website_size_y,internal,Not personal data - business record,,False
pdp_product_template__weight,product.template,weight,internal,Not personal data - business record,,False
pdp_product_template__wms_gender,product.template,wms_gender,internal,Not personal data - business record,,False
pdp_product_template__wms_package_type_id,product.template,wms_package_type_id,internal,Not personal data - business record,,False
pdp_product_template__wms_piece_height_mm,product.template,wms_piece_height_mm,internal,Not personal data - business record,,False
pdp_product_template__wms_piece_length_mm,product.template,wms_piece_length_mm,internal,Not personal data - business record,,False
pdp_product_template__wms_piece_width_mm,product.template,wms_piece_width_mm,internal,Not personal data - business record,,False
pdp_product_template__wms_size,product.template,wms_size,internal,Not personal data - business record,,False
pdp_product_template__wms_specs,product.template,wms_specs,internal,Not personal data - business record,,False
pdp_product_template__wms_storage_section_id,product.template,wms_storage_section_id,internal,Not personal data - business record,,False
pdp_product_template__wms_storage_type_id,product.template,wms_storage_type_id,internal,Not personal data - business record,,False
pdp_product_template__wms_units_per_package,product.template,wms_units_per_package,internal,Not personal data - business record,,False
pdp_product_template__wms_volume_ccm,product.template,wms_volume_ccm,internal,Not personal data - business record,,False
pdp_product_template__write_date,product.template,write_date,internal,Not personal data - business record,,False
pdp_product_template__write_uid,product.template,write_uid,internal,Not personal data - business record,,False
pdp_product_template__x_custom_withholding_category_id,product.template,x_custom_withholding_category_id,internal,Not personal data - business record,,False
pdp_res_company__absence_management,res.company,absence_management,internal,Not personal data - business record,,False
pdp_res_company__account_cash_basis_base_account_id,res.company,account_cash_basis_base_account_id,internal,Not personal data - business record,,False
pdp_res_company__account_default_pos_receivable_account_id,res.company,account_default_pos_receivable_account_id,internal,Not personal data - business record,,False
pdp_res_company__account_discount_expense_allocation_id,res.company,account_discount_expense_allocation_id,internal,Not personal data - business record,,False
pdp_res_company__account_discount_income_allocation_id,res.company,account_discount_income_allocation_id,internal,Not personal data - business record,,False
pdp_res_company__account_fiscal_country_id,res.company,account_fiscal_country_id,internal,Not personal data - business record,,False
pdp_res_company__account_journal_early_pay_discount_gain_account_id,res.company,account_journal_early_pay_discount_gain_account_id,internal,Not personal data - business record,,False
pdp_res_company__account_journal_early_pay_discount_loss_account_id,res.company,account_journal_early_pay_discount_loss_account_id,internal,Not personal data - business record,,False
pdp_res_company__account_journal_suspense_account_id,res.company,account_journal_suspense_account_id,internal,Not personal data - business record,,False
pdp_res_company__account_opening_date,res.company,account_opening_date,internal,Not personal data - business record,,False
pdp_res_company__account_opening_move_id,res.company,account_opening_move_id,internal,Not personal data - business record,,False
pdp_res_company__account_price_include,res.company,account_price_include,internal,Not personal data - business record,,False
pdp_res_company__account_production_wip_account_id,res.company,account_production_wip_account_id,internal,Not personal data - business record,,False
pdp_res_company__account_production_wip_overhead_account_id,res.company,account_production_wip_overhead_account_id,internal,Not personal data - business record,,False
pdp_res_company__account_purchase_receipt_fiscal_position_id,res.company,account_purchase_receipt_fiscal_position_id,internal,Not personal data - business record,,False
pdp_res_company__account_purchase_tax_id,res.company,account_purchase_tax_id,internal,Not personal data - business record,,False
pdp_res_company__account_sale_tax_id,res.company,account_sale_tax_id,internal,Not personal data - business record,,False
pdp_res_company__account_stock_journal_id,res.company,account_stock_journal_id,internal,Not personal data - business record,,False
pdp_res_company__account_stock_valuation_id,res.company,account_stock_valuation_id,internal,Not personal data - business record,,False
pdp_res_company__account_storno,res.company,account_storno,internal,Not personal data - business record,,False
pdp_res_company__account_use_credit_limit,res.company,account_use_credit_limit,internal,Not personal data - business record,,False
pdp_res_company__active,res.company,active,internal,Not personal data - business record,,False
pdp_res_company__alias_domain_id,res.company,alias_domain_id,internal,Not personal data - business record,,False
pdp_res_company__anglo_saxon_accounting,res.company,anglo_saxon_accounting,internal,Not personal data - business record,,False
pdp_res_company__annual_inventory_day,res.company,annual_inventory_day,internal,Not personal data - business record,,False
pdp_res_company__annual_inventory_month,res.company,annual_inventory_month,internal,Not personal data - business record,,False
pdp_res_company__attendance_barcode_source,res.company,attendance_barcode_source,internal,Not personal data - business record,,False
pdp_res_company__attendance_device_tracking,res.company,attendance_device_tracking,internal,Not personal data - business record,,False
pdp_res_company__attendance_from_systray,res.company,attendance_from_systray,internal,Not personal data - business record,,False
pdp_res_company__attendance_kiosk_delay,res.company,attendance_kiosk_delay,internal,Not personal data - business record,,False
pdp_res_company__attendance_kiosk_key,res.company,attendance_kiosk_key,internal,Not personal data - business record,,False
pdp_res_company__attendance_kiosk_mode,res.company,attendance_kiosk_mode,internal,Not personal data - business record,,False
pdp_res_company__attendance_kiosk_use_pin,res.company,attendance_kiosk_use_pin,internal,Not personal data - business record,,False
pdp_res_company__attendance_overtime_validation,res.company,attendance_overtime_validation,internal,Not personal data - business record,,False
pdp_res_company__auto_check_out,res.company,auto_check_out,internal,Not personal data - business record,,False
pdp_res_company__auto_check_out_tolerance,res.company,auto_check_out_tolerance,internal,Not personal data - business record,,False
pdp_res_company__automatic_entry_default_journal_id,res.company,automatic_entry_default_journal_id,internal,Not personal data - business record,,False
pdp_res_company__autopost_bills,res.company,autopost_bills,internal,Not personal data - business record,,False
pdp_res_company__bank_account_code_prefix,res.company,bank_account_code_prefix,internal,Not personal data - business record,,False
pdp_res_company__batch_payment_sequence_id,res.company,batch_payment_sequence_id,internal,Not personal data - business record,,False
pdp_res_company__brand_accent_color,res.company,brand_accent_color,internal,Not personal data - business record,,False
pdp_res_company__cash_account_code_prefix,res.company,cash_account_code_prefix,internal,Not personal data - business record,,False
pdp_res_company__chart_template,res.company,chart_template,internal,Not personal data - business record,,False
pdp_res_company__company_details,res.company,company_details,public,Not personal data - published to counterparties,,False
pdp_res_company__contract_expiration_notice_period,res.company,contract_expiration_notice_period,internal,Not personal data - business record,,False
pdp_res_company__cost_method,res.company,cost_method,internal,Not personal data - business record,,False
pdp_res_company__create_date,res.company,create_date,internal,Not personal data - business record,,False
pdp_res_company__create_uid,res.company,create_uid,internal,Not personal data - business record,,False
pdp_res_company__currency_exchange_journal_id,res.company,currency_exchange_journal_id,internal,Not personal data - business record,,False
pdp_res_company__currency_id,res.company,currency_id,internal,Not personal data - business record,,False
pdp_res_company__days_to_purchase,res.company,days_to_purchase,internal,Not personal data - business record,,False
pdp_res_company__default_cash_difference_expense_account_id,res.company,default_cash_difference_expense_account_id,internal,Not personal data - business record,,False
pdp_res_company__default_cash_difference_income_account_id,res.company,default_cash_difference_income_account_id,internal,Not personal data - business record,,False
pdp_res_company__deferred_expense_account_id,res.company,deferred_expense_account_id,internal,Not personal data - business record,,False
pdp_res_company__deferred_journal_id,res.company,deferred_journal_id,internal,Not personal data - business record,,False
pdp_res_company__deferred_revenue_account_id,res.company,deferred_revenue_account_id,internal,Not personal data - business record,,False
pdp_res_company__display_invoice_amount_total_words,res.company,display_invoice_amount_total_words,internal,Not personal data - business record,,False
pdp_res_company__display_invoice_tax_company_currency,res.company,display_invoice_tax_company_currency,internal,Not personal data - business record,,False
pdp_res_company__domestic_fiscal_position_id,res.company,domestic_fiscal_position_id,internal,Not personal data - business record,,False
pdp_res_company__downpayment_account_id,res.company,downpayment_account_id,internal,Not personal data - business record,,False
pdp_res_company__email,res.company,email,public,Not personal data - published to counterparties,,False
pdp_res_company__email_primary_color,res.company,email_primary_color,internal,Not personal data - business record,,False
pdp_res_company__email_secondary_color,res.company,email_secondary_color,internal,Not personal data - business record,,False
pdp_res_company__employee_properties_definition,res.company,employee_properties_definition,internal,Not personal data - business record,,False
pdp_res_company__expects_chart_of_accounts,res.company,expects_chart_of_accounts,internal,Not personal data - business record,,False
pdp_res_company__expense_account_id,res.company,expense_account_id,internal,Not personal data - business record,,False
pdp_res_company__expense_accrual_account_id,res.company,expense_accrual_account_id,internal,Not personal data - business record,,False
pdp_res_company__expense_currency_exchange_account_id,res.company,expense_currency_exchange_account_id,internal,Not personal data - business record,,False
pdp_res_company__expense_journal_id,res.company,expense_journal_id,internal,Not personal data - business record,,False
pdp_res_company__external_report_layout_id,res.company,external_report_layout_id,internal,Not personal data - business record,,False
pdp_res_company__fiscalyear_last_day,res.company,fiscalyear_last_day,internal,Not personal data - business record,,False
pdp_res_company__fiscalyear_last_month,res.company,fiscalyear_last_month,internal,Not personal data - business record,,False
pdp_res_company__fiscalyear_lock_date,res.company,fiscalyear_lock_date,internal,Not personal data - business record,,False
pdp_res_company__font,res.company,font,internal,Not personal data - business record,,False
pdp_res_company__hard_lock_date,res.company,hard_lock_date,internal,Not personal data - business record,,False
pdp_res_company__has_received_warning_stock_sms,res.company,has_received_warning_stock_sms,internal,Not personal data - business record,,False
pdp_res_company__home_announcement_active,res.company,home_announcement_active,internal,Not personal data - business record,,False
pdp_res_company__home_announcement_html,res.company,home_announcement_html,internal,Not personal data - business record,,False
pdp_res_company__horizon_days,res.company,horizon_days,internal,Not personal data - business record,,False
pdp_res_company__hr_attendance_display_overtime,res.company,hr_attendance_display_overtime,internal,Not personal data - business record,,False
pdp_res_company__hr_presence_control_attendance,res.company,hr_presence_control_attendance,internal,Not personal data - business record,,False
pdp_res_company__hr_presence_control_email,res.company,hr_presence_control_email,internal,Not personal data - business record,,False
pdp_res_company__hr_presence_control_email_amount,res.company,hr_presence_control_email_amount,internal,Not personal data - business record,,False
pdp_res_company__hr_presence_control_ip,res.company,hr_presence_control_ip,internal,Not personal data - business record,,False
pdp_res_company__hr_presence_control_ip_list,res.company,hr_presence_control_ip_list,internal,Not personal data - business record,,False
pdp_res_company__hr_presence_control_login,res.company,hr_presence_control_login,internal,Not personal data - business record,,False
pdp_res_company__iap_enrich_auto_done,res.company,iap_enrich_auto_done,internal,Not personal data - business record,,False
pdp_res_company__id,res.company,id,internal,Not personal data - business record,,False
pdp_res_company__income_account_id,res.company,income_account_id,internal,Not personal data - business record,,False
pdp_res_company__income_currency_exchange_account_id,res.company,income_currency_exchange_account_id,internal,Not personal data - business record,,False
pdp_res_company__incoterm_id,res.company,incoterm_id,internal,Not personal data - business record,,False
pdp_res_company__internal_project_id,res.company,internal_project_id,internal,Not personal data - business record,,False
pdp_res_company__internal_transit_location_id,res.company,internal_transit_location_id,internal,Not personal data - business record,,False
pdp_res_company__inventory_period,res.company,inventory_period,internal,Not personal data - business record,,False
pdp_res_company__inventory_valuation,res.company,inventory_valuation,internal,Not personal data - business record,,False
pdp_res_company__invoice_terms,res.company,invoice_terms,public,Not personal data - published to counterparties,,False
pdp_res_company__invoice_terms_html,res.company,invoice_terms_html,public,Not personal data - published to counterparties,,False
pdp_res_company__job_properties_definition,res.company,job_properties_definition,internal,Not personal data - business record,,False
pdp_res_company__l10n_ho_analytic_id,res.company,l10n_ho_analytic_id,internal,Not personal data - business record,,False
pdp_res_company__layout_background,res.company,layout_background,internal,Not personal data - business record,,False
pdp_res_company__leave_timesheet_task_id,res.company,leave_timesheet_task_id,internal,Not personal data - business record,,False
pdp_res_company__link_qr_code,res.company,link_qr_code,internal,Not personal data - business record,,False
pdp_res_company__logo_web,res.company,logo_web,internal,Not personal data - business record,,False
pdp_res_company__lunch_minimum_threshold,res.company,lunch_minimum_threshold,internal,Not personal data - business record,,False
pdp_res_company__lunch_notify_message,res.company,lunch_notify_message,internal,Not personal data - business record,,False
pdp_res_company__name,res.company,name,public,Not personal data - published to counterparties,,False
pdp_res_company__nomenclature_id,res.company,nomenclature_id,internal,Not personal data - business record,,False
pdp_res_company__overtime_company_threshold,res.company,overtime_company_threshold,internal,Not personal data - business record,,False
pdp_res_company__overtime_employee_threshold,res.company,overtime_employee_threshold,internal,Not personal data - business record,,False
pdp_res_company__paperformat_id,res.company,paperformat_id,internal,Not personal data - business record,,False
pdp_res_company__parent_id,res.company,parent_id,internal,Not personal data - business record,,False
pdp_res_company__parent_path,res.company,parent_path,internal,Not personal data - business record,,False
pdp_res_company__partner_id,res.company,partner_id,internal,Not personal data - business record,,False
pdp_res_company__petty_cash_advance_account_id,res.company,petty_cash_advance_account_id,internal,Not personal data - business record,,False
pdp_res_company__petty_cash_bank_out_journal_id,res.company,petty_cash_bank_out_journal_id,internal,Not personal data - business record,,False
pdp_res_company__petty_cash_expense_journal_id,res.company,petty_cash_expense_journal_id,internal,Not personal data - business record,,False
pdp_res_company__petty_cash_payment_journal_id,res.company,petty_cash_payment_journal_id,internal,Not personal data - business record,,False
pdp_res_company__phone,res.company,phone,public,Not personal data - published to counterparties,,False
pdp_res_company__po_double_validation,res.company,po_double_validation,internal,Not personal data - business record,,False
pdp_res_company__po_double_validation_amount,res.company,po_double_validation_amount,internal,Not personal data - business record,,False
pdp_res_company__po_lock,res.company,po_lock,internal,Not personal data - business record,,False
pdp_res_company__point_of_sale_ticket_portal_url_display_mode,res.company,point_of_sale_ticket_portal_url_display_mode,internal,Not personal data - business record,,False
pdp_res_company__point_of_sale_ticket_unique_code,res.company,point_of_sale_ticket_unique_code,internal,Not personal data - business record,,False
pdp_res_company__point_of_sale_update_stock_quantities,res.company,point_of_sale_update_stock_quantities,internal,Not personal data - business record,,False
pdp_res_company__point_of_sale_use_ticket_qr_code,res.company,point_of_sale_use_ticket_qr_code,internal,Not personal data - business record,,False
pdp_res_company__portal_confirmation_pay,res.company,portal_confirmation_pay,internal,Not personal data - business record,,False
pdp_res_company__portal_confirmation_sign,res.company,portal_confirmation_sign,internal,Not personal data - business record,,False
pdp_res_company__prepayment_percent,res.company,prepayment_percent,internal,Not personal data - business record,,False
pdp_res_company__price_difference_account_id,res.company,price_difference_account_id,internal,Not personal data - business record,,False
pdp_res_company__primary_color,res.company,primary_color,internal,Not personal data - business record,,False
pdp_res_company__project_time_mode_id,res.company,project_time_mode_id,internal,Not personal data - business record,,False
pdp_res_company__purchase_lock_date,res.company,purchase_lock_date,internal,Not personal data - business record,,False
pdp_res_company__qr_code,res.company,qr_code,internal,Not personal data - business record,,False
pdp_res_company__quick_edit_mode,res.company,quick_edit_mode,internal,Not personal data - business record,,False
pdp_res_company__quotation_validity_days,res.company,quotation_validity_days,internal,Not personal data - business record,,False
pdp_res_company__report_bank_details,res.company,report_bank_details,internal,Not personal data - business record,,False
pdp_res_company__report_footer,res.company,report_footer,public,Not personal data - published to counterparties,,False
pdp_res_company__report_footer_note,res.company,report_footer_note,internal,Not personal data - business record,,False
pdp_res_company__report_header,res.company,report_header,public,Not personal data - published to counterparties,,False
pdp_res_company__report_show_product_name,res.company,report_show_product_name,internal,Not personal data - business record,,False
pdp_res_company__resource_calendar_id,res.company,resource_calendar_id,internal,Not personal data - business record,,False
pdp_res_company__restrictive_audit_trail,res.company,restrictive_audit_trail,internal,Not personal data - business record,,False
pdp_res_company__revenue_accrual_account_id,res.company,revenue_accrual_account_id,internal,Not personal data - business record,,False
pdp_res_company__sale_discount_product_id,res.company,sale_discount_product_id,internal,Not personal data - business record,,False
pdp_res_company__sale_lock_date,res.company,sale_lock_date,internal,Not personal data - business record,,False
pdp_res_company__sale_onboarding_payment_method,res.company,sale_onboarding_payment_method,internal,Not personal data - business record,,False
pdp_res_company__sale_order_template_id,res.company,sale_order_template_id,internal,Not personal data - business record,,False
pdp_res_company__secondary_color,res.company,secondary_color,internal,Not personal data - business record,,False
pdp_res_company__security_lead,res.company,security_lead,internal,Not personal data - business record,,False
pdp_res_company__sequence,res.company,sequence,internal,Not personal data - business record,,False
pdp_res_company__snailmail_color,res.company,snailmail_color,internal,Not personal data - business record,,False
pdp_res_company__snailmail_cover,res.company,snailmail_cover,internal,Not personal data - business record,,False
pdp_res_company__snailmail_duplex,res.company,snailmail_duplex,internal,Not personal data - business record,,False
pdp_res_company__social_discord,res.company,social_discord,internal,Not personal data - business record,,False
pdp_res_company__social_facebook,res.company,social_facebook,internal,Not personal data - business record,,False
pdp_res_company__social_github,res.company,social_github,internal,Not personal data - business record,,False
pdp_res_company__social_instagram,res.company,social_instagram,internal,Not personal data - business record,,False
pdp_res_company__social_linkedin,res.company,social_linkedin,internal,Not personal data - business record,,False
pdp_res_company__social_tiktok,res.company,social_tiktok,internal,Not personal data - business record,,False
pdp_res_company__social_twitter,res.company,social_twitter,internal,Not personal data - business record,,False
pdp_res_company__social_youtube,res.company,social_youtube,internal,Not personal data - business record,,False
pdp_res_company__stock_confirmation_type,res.company,stock_confirmation_type,internal,Not personal data - business record,,False
pdp_res_company__stock_mail_confirmation_template_id,res.company,stock_mail_confirmation_template_id,internal,Not personal data - business record,,False
pdp_res_company__stock_move_email_validation,res.company,stock_move_email_validation,internal,Not personal data - business record,,False
pdp_res_company__stock_sms_confirmation_template_id,res.company,stock_sms_confirmation_template_id,internal,Not personal data - business record,,False
pdp_res_company__stock_text_confirmation,res.company,stock_text_confirmation,internal,Not personal data - business record,,False
pdp_res_company__tax_calculation_rounding_method,res.company,tax_calculation_rounding_method,internal,Not personal data - business record,,False
pdp_res_company__tax_cash_basis_journal_id,res.company,tax_cash_basis_journal_id,internal,Not personal data - business record,,False
pdp_res_company__tax_exigibility,res.company,tax_exigibility,internal,Not personal data - business record,,False
pdp_res_company__tax_lock_date,res.company,tax_lock_date,internal,Not personal data - business record,,False
pdp_res_company__terms_type,res.company,terms_type,internal,Not personal data - business record,,False
pdp_res_company__timesheet_encode_uom_id,res.company,timesheet_encode_uom_id,internal,Not personal data - business record,,False
pdp_res_company__transfer_account_code_prefix,res.company,transfer_account_code_prefix,internal,Not personal data - business record,,False
pdp_res_company__transfer_account_id,res.company,transfer_account_id,internal,Not personal data - business record,,False
pdp_res_company__uses_default_logo,res.company,uses_default_logo,internal,Not personal data - business record,,False
pdp_res_company__vat_check_vies,res.company,vat_check_vies,internal,Not personal data - business record,,False
pdp_res_company__website_id,res.company,website_id,internal,Not personal data - business record,,False
pdp_res_company__work_permit_expiration_notice_period,res.company,work_permit_expiration_notice_period,internal,Not personal data - business record,,False
pdp_res_company__write_date,res.company,write_date,internal,Not personal data - business record,,False
pdp_res_company__write_uid,res.company,write_uid,internal,Not personal data - business record,,False
pdp_res_company__x_custom_coretax_user_id,res.company,x_custom_coretax_user_id,internal,Not personal data - business record,,False
pdp_res_company__x_custom_ic_enabled,res.company,x_custom_ic_enabled,internal,Not personal data - business record,,False
pdp_res_company__x_custom_nitku_suffix,res.company,x_custom_nitku_suffix,internal,Not personal data - business record,,False
pdp_res_company__x_custom_npwp_penandatangan,res.company,x_custom_npwp_penandatangan,internal,Not personal data - business record,,False
pdp_res_company__x_custom_show_date_enabled,res.company,x_custom_show_date_enabled,internal,Not personal data - business record,,False
pdp_res_company__x_doc_code,res.company,x_doc_code,internal,Not personal data - business record,,False
pdp_res_partner__active,res.partner,active,internal,Not personal data - business record,,False
pdp_res_partner__autopost_bills,res.partner,autopost_bills,internal,Not personal data - business record,,False
pdp_res_partner__barcode,res.partner,barcode,sensitive,UU 27/2022 Art. 4(3) - data pribadi spesifik,"Per-company barcode map (company_dependent, stored as jsonb). Dropped to NULL at load: a digest of the map is a pseudonym of nothing, and its presence leaks how many companies hold a value for this person.",True
pdp_res_partner__buyer_id,res.partner,buyer_id,internal,Not personal data - business record,,False
pdp_res_partner__calendar_last_notif_ack,res.partner,calendar_last_notif_ack,internal,Not personal data - business record,,False
pdp_res_partner__city,res.partner,city,personal,UU 27/2022 Art. 4(2) - data pribadi umum,Direct identifier of a natural person; hashed at load so joins survive.,False
pdp_res_partner__color,res.partner,color,internal,Not personal data - business record,,False
pdp_res_partner__comment,res.partner,comment,sensitive,UU 27/2022 Art. 4(3) - data pribadi spesifik,Free text - may contain any category of personal data; dropped to NULL at load.,True
pdp_res_partner__commercial_company_name,res.partner,commercial_company_name,personal,UU 27/2022 Art. 4(2) - data pribadi umum,Direct identifier of a natural person; hashed at load so joins survive.,False
pdp_res_partner__commercial_partner_id,res.partner,commercial_partner_id,internal,Not personal data - business record,,False
pdp_res_partner__company_id,res.partner,company_id,internal,Not personal data - business record,,False
pdp_res_partner__company_name,res.partner,company_name,personal,UU 27/2022 Art. 4(2) - data pribadi umum,Direct identifier of a natural person; hashed at load so joins survive.,False
pdp_res_partner__company_registry,res.partner,company_registry,personal,UU 27/2022 Art. 4(2) - data pribadi umum,Direct identifier of a natural person; hashed at load so joins survive.,False
pdp_res_partner__complete_name,res.partner,complete_name,personal,UU 27/2022 Art. 4(2) - data pribadi umum,Direct identifier of a natural person; hashed at load so joins survive.,False
pdp_res_partner__country_id,res.partner,country_id,internal,Not personal data - business record,,False
pdp_res_partner__create_date,res.partner,create_date,internal,Not personal data - business record,,False
pdp_res_partner__create_uid,res.partner,create_uid,internal,Not personal data - business record,,False
pdp_res_partner__credit_limit,res.partner,credit_limit,internal,Not personal data - business record,,False
pdp_res_partner__credit_limit_check_method,res.partner,credit_limit_check_method,internal,Not personal data - business record,,False
pdp_res_partner__custom_credit_limit,res.partner,custom_credit_limit,internal,Not personal data - business record,,False
pdp_res_partner__custom_credit_limit_check_method,res.partner,custom_credit_limit_check_method,internal,Not personal data - business record,,False
pdp_res_partner__custom_followup_last_sent,res.partner,custom_followup_last_sent,internal,Not personal data - business record,,False
pdp_res_partner__custom_followup_level_id,res.partner,custom_followup_level_id,internal,Not personal data - business record,,False
pdp_res_partner__custom_followup_next_date,res.partner,custom_followup_next_date,internal,Not personal data - business record,,False
pdp_res_partner__customer_rank,res.partner,customer_rank,internal,Not personal data - business record,,False
pdp_res_partner__date_localization,res.partner,date_localization,internal,Not personal data - business record,,False
pdp_res_partner__email,res.partner,email,personal,UU 27/2022 Art. 4(2) - data pribadi umum,Direct identifier of a natural person; hashed at load so joins survive.,False
pdp_res_partner__email_normalized,res.partner,email_normalized,personal,UU 27/2022 Art. 4(2) - data pribadi umum,Direct identifier of a natural person; hashed at load so joins survive.,False
pdp_res_partner__employee,res.partner,employee,internal,Not personal data - business record,,False
pdp_res_partner__function,res.partner,function,personal,UU 27/2022 Art. 4(2) - data pribadi umum,Direct identifier of a natural person; hashed at load so joins survive.,False
pdp_res_partner__global_location_number,res.partner,global_location_number,personal,UU 27/2022 Art. 4(2) - data pribadi umum,Direct identifier of a natural person; hashed at load so joins survive.,False
pdp_res_partner__group_on,res.partner,group_on,internal,Not personal data - business record,,False
pdp_res_partner__group_rfq,res.partner,group_rfq,internal,Not personal data - business record,,False
pdp_res_partner__id,res.partner,id,internal,Not personal data - business record,,False
pdp_res_partner__ignore_abnormal_invoice_amount,res.partner,ignore_abnormal_invoice_amount,internal,Not personal data - business record,,False
pdp_res_partner__ignore_abnormal_invoice_date,res.partner,ignore_abnormal_invoice_date,internal,Not personal data - business record,,False
pdp_res_partner__industry_id,res.partner,industry_id,internal,Not personal data - business record,,False
pdp_res_partner__invoice_edi_format_store,res.partner,invoice_edi_format_store,internal,Not personal data - business record,,False
pdp_res_partner__invoice_sending_method,res.partner,invoice_sending_method,internal,Not personal data - business record,,False
pdp_res_partner__invoice_template_pdf_report_id,res.partner,invoice_template_pdf_report_id,internal,Not personal data - business record,,False
pdp_res_partner__is_company,res.partner,is_company,internal,Not personal data - business record,,False
pdp_res_partner__is_pickup_location,res.partner,is_pickup_location,internal,Not personal data - business record,,False
pdp_res_partner__is_published,res.partner,is_published,internal,Not personal data - business record,,False
pdp_res_partner__is_seo_optimized,res.partner,is_seo_optimized,internal,Not personal data - business record,,False
pdp_res_partner__lang,res.partner,lang,internal,Not personal data - business record,,False
pdp_res_partner__message_bounce,res.partner,message_bounce,internal,Not personal data - business record,,False
pdp_res_partner__name,res.partner,name,personal,UU 27/2022 Art. 4(2) - data pribadi umum,Direct identifier of a natural person; hashed at load so joins survive.,False
pdp_res_partner__parent_id,res.partner,parent_id,internal,Not personal data - business record,,False
pdp_res_partner__partner_latitude,res.partner,partner_latitude,sensitive,UU 27/2022 Art. 4(3) huruf g - data pribadi lainnya,Precise geolocation of a natural person; dropped to NULL - a digest of a coordinate has no analytic value.,True
pdp_res_partner__partner_longitude,res.partner,partner_longitude,sensitive,UU 27/2022 Art. 4(3) huruf g - data pribadi lainnya,Precise geolocation of a natural person; dropped to NULL - a digest of a coordinate has no analytic value.,True
pdp_res_partner__partner_share,res.partner,partner_share,internal,Not personal data - business record,,False
pdp_res_partner__peppol_eas,res.partner,peppol_eas,internal,Not personal data - business record,,False
pdp_res_partner__peppol_endpoint,res.partner,peppol_endpoint,personal,UU 27/2022 Art. 4(2) - data pribadi umum,Direct identifier of a natural person; hashed at load so joins survive.,False
pdp_res_partner__phone,res.partner,phone,personal,UU 27/2022 Art. 4(2) - data pribadi umum,Direct identifier of a natural person; hashed at load so joins survive.,False
pdp_res_partner__phone_sanitized,res.partner,phone_sanitized,personal,UU 27/2022 Art. 4(2) - data pribadi umum,Direct identifier of a natural person; hashed at load so joins survive.,False
pdp_res_partner__picking_warn_msg,res.partner,picking_warn_msg,sensitive,UU 27/2022 Art. 4(3) - data pribadi spesifik,Free text - may contain any category of personal data; dropped to NULL at load.,True
pdp_res_partner__properties,res.partner,properties,sensitive,UU 27/2022 Art. 4(3) - data pribadi spesifik,User-defined JSON properties - arbitrary content; dropped to NULL at load.,True
pdp_res_partner__property_account_payable_id,res.partner,property_account_payable_id,internal,Not personal data - business record,,False
pdp_res_partner__property_account_position_id,res.partner,property_account_position_id,internal,Not personal data - business record,,False
pdp_res_partner__property_account_receivable_id,res.partner,property_account_receivable_id,internal,Not personal data - business record,,False
pdp_res_partner__property_delivery_carrier_id,res.partner,property_delivery_carrier_id,internal,Not personal data - business record,,False
pdp_res_partner__property_inbound_payment_method_line_id,res.partner,property_inbound_payment_method_line_id,internal,Not personal data - business record,,False
pdp_res_partner__property_outbound_payment_method_line_id,res.partner,property_outbound_payment_method_line_id,internal,Not personal data - business record,,False
pdp_res_partner__property_payment_term_id,res.partner,property_payment_term_id,internal,Not personal data - business record,,False
pdp_res_partner__property_purchase_currency_id,res.partner,property_purchase_currency_id,internal,Not personal data - business record,,False
pdp_res_partner__property_stock_customer,res.partner,property_stock_customer,internal,Not personal data - business record,,False
pdp_res_partner__property_stock_supplier,res.partner,property_stock_supplier,internal,Not personal data - business record,,False
pdp_res_partner__property_supplier_payment_term_id,res.partner,property_supplier_payment_term_id,internal,Not personal data - business record,,False
pdp_res_partner__purchase_warn_msg,res.partner,purchase_warn_msg,internal,Not personal data - business record,,False
pdp_res_partner__receipt_reminder_email,res.partner,receipt_reminder_email,internal,Not personal data - business record,,False
pdp_res_partner__ref,res.partner,ref,personal,UU 27/2022 Art. 4(2) - data pribadi umum,Direct identifier of a natural person; hashed at load so joins survive.,False
pdp_res_partner__reminder_date_before_receipt,res.partner,reminder_date_before_receipt,internal,Not personal data - business record,,False
pdp_res_partner__sale_warn_msg,res.partner,sale_warn_msg,sensitive,UU 27/2022 Art. 4(3) - data pribadi spesifik,Free text - may contain any category of personal data; dropped to NULL at load.,True
pdp_res_partner__seo_name,res.partner,seo_name,internal,Not personal data - business record,,False
pdp_res_partner__signup_type,res.partner,signup_type,personal,UU 27/2022 Art. 4(2) - data pribadi umum,Direct identifier of a natural person; hashed at load so joins survive.,False
pdp_res_partner__specific_property_product_pricelist,res.partner,specific_property_product_pricelist,internal,Not personal data - business record,,False
pdp_res_partner__state_id,res.partner,state_id,internal,Not personal data - business record,,False
pdp_res_partner__street,res.partner,street,personal,UU 27/2022 Art. 4(2) - data pribadi umum,Direct identifier of a natural person; hashed at load so joins survive.,False
pdp_res_partner__street2,res.partner,street2,personal,UU 27/2022 Art. 4(2) - data pribadi umum,Direct identifier of a natural person; hashed at load so joins survive.,False
pdp_res_partner__suggest_based_on,res.partner,suggest_based_on,internal,Not personal data - business record,,False
pdp_res_partner__suggest_days,res.partner,suggest_days,internal,Not personal data - business record,,False
pdp_res_partner__suggest_percent,res.partner,suggest_percent,internal,Not personal data - business record,,False
pdp_res_partner__supplier_rank,res.partner,supplier_rank,internal,Not personal data - business record,,False
pdp_res_partner__trust,res.partner,trust,internal,Not personal data - business record,,False
pdp_res_partner__type,res.partner,type,internal,Not personal data - business record,,False
pdp_res_partner__tz,res.partner,tz,internal,Not personal data - business record,,False
pdp_res_partner__user_id,res.partner,user_id,internal,Not personal data - business record,,False
pdp_res_partner__vat,res.partner,vat,sensitive,UU 27/2022 Art. 4(3) - data pribadi spesifik,Indonesian NPWP / NIK. Art. 4(3) specific personal data. Hashed at load.,False
pdp_res_partner__vies_valid,res.partner,vies_valid,internal,Not personal data - business record,,False
pdp_res_partner__website,res.partner,website,personal,UU 27/2022 Art. 4(2) - data pribadi umum,Direct identifier of a natural person; hashed at load so joins survive.,False
pdp_res_partner__website_description,res.partner,website_description,internal,Not personal data - business record,,False
pdp_res_partner__website_id,res.partner,website_id,internal,Not personal data - business record,,False
pdp_res_partner__website_meta_description,res.partner,website_meta_description,internal,Not personal data - business record,,False
pdp_res_partner__website_meta_keywords,res.partner,website_meta_keywords,internal,Not personal data - business record,,False
pdp_res_partner__website_meta_og_img,res.partner,website_meta_og_img,internal,Not personal data - business record,,False
pdp_res_partner__website_meta_title,res.partner,website_meta_title,internal,Not personal data - business record,,False
pdp_res_partner__website_short_description,res.partner,website_short_description,internal,Not personal data - business record,,False
pdp_res_partner__write_date,res.partner,write_date,internal,Not personal data - business record,,False
pdp_res_partner__write_uid,res.partner,write_uid,internal,Not personal data - business record,,False
pdp_res_partner__x_custom_birth_date,res.partner,x_custom_birth_date,internal,Not personal data - business record,,False
pdp_res_partner__x_custom_birth_place,res.partner,x_custom_birth_place,internal,Not personal data - business record,,False
pdp_res_partner__x_custom_foreign_counterparty,res.partner,x_custom_foreign_counterparty,internal,Not personal data - business record,,False
pdp_res_partner__x_custom_has_valid_npwp,res.partner,x_custom_has_valid_npwp,internal,Not personal data - business record,,False
pdp_res_partner__x_custom_kitas,res.partner,x_custom_kitas,internal,Not personal data - business record,,False
pdp_res_partner__x_custom_nik,res.partner,x_custom_nik,internal,Not personal data - business record,,False
pdp_res_partner__x_custom_nitku,res.partner,x_custom_nitku,internal,Not personal data - business record,,False
pdp_res_partner__x_custom_npwp,res.partner,x_custom_npwp,internal,Not personal data - business record,,False
pdp_res_partner__x_custom_npwp_status,res.partner,x_custom_npwp_status,internal,Not personal data - business record,,False
pdp_res_partner__x_custom_passport,res.partner,x_custom_passport,internal,Not personal data - business record,,False
pdp_res_partner__x_custom_pkp,res.partner,x_custom_pkp,internal,Not personal data - business record,,False
pdp_res_partner__x_custom_ppob_daily_txn_cap,res.partner,x_custom_ppob_daily_txn_cap,internal,Not personal data - business record,,False
pdp_res_partner__x_custom_ppob_has_npwp,res.partner,x_custom_ppob_has_npwp,internal,Not personal data - business record,,False
pdp_res_partner__x_custom_ppob_is_mitra,res.partner,x_custom_ppob_is_mitra,internal,Not personal data - business record,,False
pdp_res_partner__x_custom_ppob_is_provider,res.partner,x_custom_ppob_is_provider,internal,Not personal data - business record,,False
pdp_res_partner__x_custom_ppob_mitra_code,res.partner,x_custom_ppob_mitra_code,internal,Not personal data - business record,,False
pdp_res_partner__x_custom_ppob_mitra_tier_id,res.partner,x_custom_ppob_mitra_tier_id,internal,Not personal data - business record,,False
pdp_res_partner__x_custom_ppob_monthly_txn_cap,res.partner,x_custom_ppob_monthly_txn_cap,internal,Not personal data - business record,,False
pdp_res_partner__x_custom_ptkp,res.partner,x_custom_ptkp,internal,Not personal data - business record,,False
pdp_res_partner__x_custom_tin,res.partner,x_custom_tin,internal,Not personal data - business record,,False
pdp_res_partner__zip,res.partner,zip,personal,UU 27/2022 Art. 4(2) - data pribadi umum,Direct identifier of a natural person; hashed at load so joins survive.,False
pdp_res_users__action_id,res.users,action_id,internal,Not personal data - business record,,False
pdp_res_users__active,res.users,active,internal,Not personal data - business record,,False
pdp_res_users__company_id,res.users,company_id,internal,Not personal data - business record,,False
pdp_res_users__create_date,res.users,create_date,internal,Not personal data - business record,,False
pdp_res_users__create_uid,res.users,create_uid,internal,Not personal data - business record,,False
pdp_res_users__default_operating_unit_id,res.users,default_operating_unit_id,internal,Not personal data - business record,,False
pdp_res_users__home_console_density,res.users,home_console_density,internal,Not personal data - business record,,False
pdp_res_users__id,res.users,id,internal,Not personal data - business record,,False
pdp_res_users__karma,res.users,karma,internal,Not personal data - business record,,False
pdp_res_users__last_lunch_location_id,res.users,last_lunch_location_id,internal,Not personal data - business record,,False
pdp_res_users__login,res.users,login,personal,UU 27/2022 Art. 4(2) - data pribadi umum,Direct identifier of a natural person; hashed at load so joins survive.,False
pdp_res_users__manual_im_status,res.users,manual_im_status,internal,Not personal data - business record,,False
pdp_res_users__next_rank_id,res.users,next_rank_id,internal,Not personal data - business record,,False
pdp_res_users__notification_type,res.users,notification_type,internal,Not personal data - business record,,False
pdp_res_users__oauth_access_token,res.users,oauth_access_token,secret,UU 27/2022 Art. 35 - kewajiban pelindungan; credential material,Credential or key material; never named in the extraction SELECT list.,False
pdp_res_users__oauth_provider_id,res.users,oauth_provider_id,internal,Not personal data - business record,,False
pdp_res_users__oauth_uid,res.users,oauth_uid,internal,Not personal data - business record,,False
pdp_res_users__odoobot_failed,res.users,odoobot_failed,internal,Not personal data - business record,,False
pdp_res_users__odoobot_state,res.users,odoobot_state,internal,Not personal data - business record,,False
pdp_res_users__out_of_office_from,res.users,out_of_office_from,internal,Not personal data - business record,,False
pdp_res_users__out_of_office_message,res.users,out_of_office_message,sensitive,UU 27/2022 Art. 4(3) - data pribadi spesifik,Free text - may contain any category of personal data; dropped to NULL at load.,True
pdp_res_users__out_of_office_to,res.users,out_of_office_to,internal,Not personal data - business record,,False
pdp_res_users__partner_id,res.users,partner_id,internal,Not personal data - business record,,False
pdp_res_users__password,res.users,password,secret,UU 27/2022 Art. 35 - kewajiban pelindungan; credential material,Credential or key material; never named in the extraction SELECT list.,False
pdp_res_users__property_warehouse_id,res.users,property_warehouse_id,internal,Not personal data - business record,,False
pdp_res_users__rank_id,res.users,rank_id,internal,Not personal data - business record,,False
pdp_res_users__sale_team_id,res.users,sale_team_id,internal,Not personal data - business record,,False
pdp_res_users__share,res.users,share,internal,Not personal data - business record,,False
pdp_res_users__signature,res.users,signature,sensitive,UU 27/2022 Art. 4(3) - data pribadi spesifik,Free text - may contain any category of personal data; dropped to NULL at load.,True
pdp_res_users__totp_last_counter,res.users,totp_last_counter,internal,Not personal data - business record,,False
pdp_res_users__totp_secret,res.users,totp_secret,secret,UU 27/2022 Art. 35 - kewajiban pelindungan; credential material,Credential or key material; never named in the extraction SELECT list.,False
pdp_res_users__tour_enabled,res.users,tour_enabled,internal,Not personal data - business record,,False
pdp_res_users__website_id,res.users,website_id,internal,Not personal data - business record,,False
pdp_res_users__write_date,res.users,write_date,internal,Not personal data - business record,,False
pdp_res_users__write_uid,res.users,write_uid,internal,Not personal data - business record,,False
pdp_res_users__x_indonesia_badge,res.users,x_indonesia_badge,internal,Not personal data - business record,,False
pdp_sale_order__access_token,sale.order,access_token,secret,UU 27/2022 Art. 35 - kewajiban pelindungan; credential material,Credential or key material; never named in the extraction SELECT list.,False
pdp_sale_order__amount_tax,sale.order,amount_tax,internal,Not personal data - business record,,False
pdp_sale_order__amount_total,sale.order,amount_total,internal,Not personal data - business record,,False
pdp_sale_order__amount_unpaid,sale.order,amount_unpaid,internal,Not personal data - business record,,False
pdp_sale_order__amount_untaxed,sale.order,amount_untaxed,internal,Not personal data - business record,,False
pdp_sale_order__campaign_id,sale.order,campaign_id,internal,Not personal data - business record,,False
pdp_sale_order__carrier_id,sale.order,carrier_id,internal,Not personal data - business record,,False
pdp_sale_order__cart_recovery_email_sent,sale.order,cart_recovery_email_sent,internal,Not personal data - business record,,False
pdp_sale_order__client_order_ref,sale.order,client_order_ref,personal,UU 27/2022 Art. 4(2) - data pribadi umum,Direct identifier of a natural person; hashed at load so joins survive.,False
pdp_sale_order__commitment_date,sale.order,commitment_date,internal,Not personal data - business record,,False
pdp_sale_order__company_id,sale.order,company_id,internal,Not personal data - business record,,False
pdp_sale_order__create_date,sale.order,create_date,internal,Not personal data - business record,,False
pdp_sale_order__create_uid,sale.order,create_uid,internal,Not personal data - business record,,False
pdp_sale_order__currency_id,sale.order,currency_id,internal,Not personal data - business record,,False
pdp_sale_order__currency_rate,sale.order,currency_rate,internal,Not personal data - business record,,False
pdp_sale_order__custom_affiliate_code,sale.order,custom_affiliate_code,internal,Not personal data - business record,,False
pdp_sale_order__custom_affiliate_id,sale.order,custom_affiliate_id,internal,Not personal data - business record,,False
pdp_sale_order__custom_credit_check_log_id,sale.order,custom_credit_check_log_id,internal,Not personal data - business record,,False
pdp_sale_order__customizable_pdf_form_fields,sale.order,customizable_pdf_form_fields,internal,Not personal data - business record,,False
pdp_sale_order__date_order,sale.order,date_order,internal,Not personal data - business record,,False
pdp_sale_order__delivery_message,sale.order,delivery_message,internal,Not personal data - business record,,False
pdp_sale_order__delivery_status,sale.order,delivery_status,internal,Not personal data - business record,,False
pdp_sale_order__effective_date,sale.order,effective_date,internal,Not personal data - business record,,False
pdp_sale_order__fiscal_position_id,sale.order,fiscal_position_id,internal,Not personal data - business record,,False
pdp_sale_order__id,sale.order,id,internal,Not personal data - business record,,False
pdp_sale_order__incoterm,sale.order,incoterm,internal,Not personal data - business record,,False
pdp_sale_order__incoterm_location,sale.order,incoterm_location,internal,Not personal data - business record,,False
pdp_sale_order__invoice_status,sale.order,invoice_status,internal,Not personal data - business record,,False
pdp_sale_order__journal_id,sale.order,journal_id,internal,Not personal data - business record,,False
pdp_sale_order__locked,sale.order,locked,internal,Not personal data - business record,,False
pdp_sale_order__medium_id,sale.order,medium_id,internal,Not personal data - business record,,False
pdp_sale_order__name,sale.order,name,internal,Not personal data - business record,,False
pdp_sale_order__note,sale.order,note,sensitive,UU 27/2022 Art. 4(3) - data pribadi spesifik,Free text - may contain any category of personal data; dropped to NULL at load.,True
pdp_sale_order__operating_unit_id,sale.order,operating_unit_id,internal,Not personal data - business record,,False
pdp_sale_order__origin,sale.order,origin,internal,Not personal data - business record,,False
pdp_sale_order__partner_id,sale.order,partner_id,internal,Not personal data - business record,,False
pdp_sale_order__partner_invoice_id,sale.order,partner_invoice_id,internal,Not personal data - business record,,False
pdp_sale_order__partner_shipping_id,sale.order,partner_shipping_id,internal,Not personal data - business record,,False
pdp_sale_order__payment_term_id,sale.order,payment_term_id,internal,Not personal data - business record,,False
pdp_sale_order__pending_email_template_id,sale.order,pending_email_template_id,internal,Not personal data - business record,,False
pdp_sale_order__picking_policy,sale.order,picking_policy,internal,Not personal data - business record,,False
pdp_sale_order__pickup_location_data,sale.order,pickup_location_data,internal,Not personal data - business record,,False
pdp_sale_order__preferred_payment_method_line_id,sale.order,preferred_payment_method_line_id,internal,Not personal data - business record,,False
pdp_sale_order__prepayment_percent,sale.order,prepayment_percent,internal,Not personal data - business record,,False
pdp_sale_order__pricelist_id,sale.order,pricelist_id,internal,Not personal data - business record,,False
pdp_sale_order__project_id,sale.order,project_id,internal,Not personal data - business record,,False
pdp_sale_order__recompute_delivery_price,sale.order,recompute_delivery_price,internal,Not personal data - business record,,False
pdp_sale_order__reference,sale.order,reference,internal,Not personal data - business record,,False
pdp_sale_order__require_payment,sale.order,require_payment,internal,Not personal data - business record,,False
pdp_sale_order__require_signature,sale.order,require_signature,internal,Not personal data - business record,,False
pdp_sale_order__sale_order_template_id,sale.order,sale_order_template_id,internal,Not personal data - business record,,False
pdp_sale_order__shipping_weight,sale.order,shipping_weight,internal,Not personal data - business record,,False
pdp_sale_order__shop_warning,sale.order,shop_warning,internal,Not personal data - business record,,False
pdp_sale_order__signed_by,sale.order,signed_by,personal,UU 27/2022 Art. 4(2) - data pribadi umum,Direct identifier of a natural person; hashed at load so joins survive.,False
pdp_sale_order__signed_on,sale.order,signed_on,internal,Not personal data - business record,,False
pdp_sale_order__source_id,sale.order,source_id,internal,Not personal data - business record,,False
pdp_sale_order__state,sale.order,state,internal,Not personal data - business record,,False
pdp_sale_order__team_id,sale.order,team_id,internal,Not personal data - business record,,False
pdp_sale_order__user_id,sale.order,user_id,internal,Not personal data - business record,,False
pdp_sale_order__validity_date,sale.order,validity_date,internal,Not personal data - business record,,False
pdp_sale_order__warehouse_id,sale.order,warehouse_id,internal,Not personal data - business record,,False
pdp_sale_order__website_id,sale.order,website_id,internal,Not personal data - business record,,False
pdp_sale_order__write_date,sale.order,write_date,internal,Not personal data - business record,,False
pdp_sale_order__write_uid,sale.order,write_uid,internal,Not personal data - business record,,False
pdp_sale_order__x_awb_number,sale.order,x_awb_number,internal,Not personal data - business record,,False
pdp_sale_order__x_awb_tracking_url,sale.order,x_awb_tracking_url,internal,Not personal data - business record,,False
pdp_sale_order__x_custom_approval_request_id,sale.order,x_custom_approval_request_id,internal,Not personal data - business record,,False
pdp_sale_order__x_custom_approval_state,sale.order,x_custom_approval_state,internal,Not personal data - business record,,False
pdp_sale_order__x_custom_dp_note,sale.order,x_custom_dp_note,internal,Not personal data - business record,,False
pdp_sale_order__x_custom_event_location,sale.order,x_custom_event_location,internal,Not personal data - business record,,False
pdp_sale_order__x_custom_event_name,sale.order,x_custom_event_name,internal,Not personal data - business record,,False
pdp_sale_order__x_custom_ic_rule_id,sale.order,x_custom_ic_rule_id,internal,Not personal data - business record,,False
pdp_sale_order__x_custom_ic_source_po_id,sale.order,x_custom_ic_source_po_id,internal,Not personal data - business record,,False
pdp_sale_order__x_custom_ppob_is_rollup,sale.order,x_custom_ppob_is_rollup,internal,Not personal data - business record,,False
pdp_sale_order__x_custom_ppob_rollup_date,sale.order,x_custom_ppob_rollup_date,internal,Not personal data - business record,,False
pdp_sale_order__x_custom_show_date,sale.order,x_custom_show_date,internal,Not personal data - business record,,False
pdp_sale_order__x_id_courier_id,sale.order,x_id_courier_id,internal,Not personal data - business record,,False
pdp_sale_order__x_quotation_name,sale.order,x_quotation_name,internal,Not personal data - business record,,False
pdp_sale_order_line__analytic_distribution,sale.order.line,analytic_distribution,internal,Not personal data - business record,,False
pdp_sale_order_line__collapse_composition,sale.order.line,collapse_composition,internal,Not personal data - business record,,False
pdp_sale_order_line__collapse_prices,sale.order.line,collapse_prices,internal,Not personal data - business record,,False
pdp_sale_order_line__combo_item_id,sale.order.line,combo_item_id,internal,Not personal data - business record,,False
pdp_sale_order_line__company_id,sale.order.line,company_id,internal,Not personal data - business record,,False
pdp_sale_order_line__create_date,sale.order.line,create_date,internal,Not personal data - business record,,False
pdp_sale_order_line__create_uid,sale.order.line,create_uid,internal,Not personal data - business record,,False
pdp_sale_order_line__currency_id,sale.order.line,currency_id,internal,Not personal data - business record,,False
pdp_sale_order_line__customer_lead,sale.order.line,customer_lead,internal,Not personal data - business record,,False
pdp_sale_order_line__discount,sale.order.line,discount,internal,Not personal data - business record,,False
pdp_sale_order_line__display_type,sale.order.line,display_type,internal,Not personal data - business record,,False
pdp_sale_order_line__extra_tax_data,sale.order.line,extra_tax_data,internal,Not personal data - business record,,False
pdp_sale_order_line__has_displayed_warning_upsell,sale.order.line,has_displayed_warning_upsell,internal,Not personal data - business record,,False
pdp_sale_order_line__id,sale.order.line,id,internal,Not personal data - business record,,False
pdp_sale_order_line__invoice_status,sale.order.line,invoice_status,internal,Not personal data - business record,,False
pdp_sale_order_line__is_delivery,sale.order.line,is_delivery,internal,Not personal data - business record,,False
pdp_sale_order_line__is_downpayment,sale.order.line,is_downpayment,internal,Not personal data - business record,,False
pdp_sale_order_line__is_expense,sale.order.line,is_expense,internal,Not personal data - business record,,False
pdp_sale_order_line__is_optional,sale.order.line,is_optional,internal,Not personal data - business record,,False
pdp_sale_order_line__is_service,sale.order.line,is_service,internal,Not personal data - business record,,False
pdp_sale_order_line__linked_line_id,sale.order.line,linked_line_id,internal,Not personal data - business record,,False
pdp_sale_order_line__linked_virtual_id,sale.order.line,linked_virtual_id,internal,Not personal data - business record,,False
pdp_sale_order_line__name,sale.order.line,name,internal,Not personal data - business record,,False
pdp_sale_order_line__order_id,sale.order.line,order_id,internal,Not personal data - business record,,False
pdp_sale_order_line__order_partner_id,sale.order.line,order_partner_id,internal,Not personal data - business record,,False
pdp_sale_order_line__price_reduce_taxexcl,sale.order.line,price_reduce_taxexcl,internal,Not personal data - business record,,False
pdp_sale_order_line__price_reduce_taxinc,sale.order.line,price_reduce_taxinc,internal,Not personal data - business record,,False
pdp_sale_order_line__price_subtotal,sale.order.line,price_subtotal,internal,Not personal data - business record,,False
pdp_sale_order_line__price_tax,sale.order.line,price_tax,internal,Not personal data - business record,,False
pdp_sale_order_line__price_total,sale.order.line,price_total,internal,Not personal data - business record,,False
pdp_sale_order_line__price_unit,sale.order.line,price_unit,internal,Not personal data - business record,,False
pdp_sale_order_line__product_id,sale.order.line,product_id,internal,Not personal data - business record,,False
pdp_sale_order_line__product_uom_id,sale.order.line,product_uom_id,internal,Not personal data - business record,,False
pdp_sale_order_line__product_uom_qty,sale.order.line,product_uom_qty,internal,Not personal data - business record,,False
pdp_sale_order_line__project_id,sale.order.line,project_id,internal,Not personal data - business record,,False
pdp_sale_order_line__qty_delivered,sale.order.line,qty_delivered,internal,Not personal data - business record,,False
pdp_sale_order_line__qty_delivered_method,sale.order.line,qty_delivered_method,internal,Not personal data - business record,,False
pdp_sale_order_line__qty_invoiced,sale.order.line,qty_invoiced,internal,Not personal data - business record,,False
pdp_sale_order_line__qty_to_invoice,sale.order.line,qty_to_invoice,internal,Not personal data - business record,,False
pdp_sale_order_line__remaining_hours,sale.order.line,remaining_hours,internal,Not personal data - business record,,False
pdp_sale_order_line__salesman_id,sale.order.line,salesman_id,internal,Not personal data - business record,,False
pdp_sale_order_line__sequence,sale.order.line,sequence,internal,Not personal data - business record,,False
pdp_sale_order_line__shop_warning,sale.order.line,shop_warning,internal,Not personal data - business record,,False
pdp_sale_order_line__state,sale.order.line,state,internal,Not personal data - business record,,False
pdp_sale_order_line__task_id,sale.order.line,task_id,internal,Not personal data - business record,,False
pdp_sale_order_line__technical_price_unit,sale.order.line,technical_price_unit,internal,Not personal data - business record,,False
pdp_sale_order_line__untaxed_amount_invoiced,sale.order.line,untaxed_amount_invoiced,internal,Not personal data - business record,,False
pdp_sale_order_line__untaxed_amount_to_invoice,sale.order.line,untaxed_amount_to_invoice,internal,Not personal data - business record,,False
pdp_sale_order_line__virtual_id,sale.order.line,virtual_id,internal,Not personal data - business record,,False
pdp_sale_order_line__warehouse_id,sale.order.line,warehouse_id,internal,Not personal data - business record,,False
pdp_sale_order_line__write_date,sale.order.line,write_date,internal,Not personal data - business record,,False
pdp_sale_order_line__write_uid,sale.order.line,write_uid,internal,Not personal data - business record,,False
pdp_stock_move__account_move_id,stock.move,account_move_id,internal,Not personal data - business record,,False
pdp_stock_move__additional,stock.move,additional,internal,Not personal data - business record,,False
pdp_stock_move__bom_line_id,stock.move,bom_line_id,internal,Not personal data - business record,,False
pdp_stock_move__byproduct_id,stock.move,byproduct_id,internal,Not personal data - business record,,False
pdp_stock_move__company_id,stock.move,company_id,internal,Not personal data - business record,,False
pdp_stock_move__consume_unbuild_id,stock.move,consume_unbuild_id,internal,Not personal data - business record,,False
pdp_stock_move__cost_share,stock.move,cost_share,internal,Not personal data - business record,,False
pdp_stock_move__create_date,stock.move,create_date,internal,Not personal data - business record,,False
pdp_stock_move__create_uid,stock.move,create_uid,internal,Not personal data - business record,,False
pdp_stock_move__created_production_id,stock.move,created_production_id,internal,Not personal data - business record,,False
pdp_stock_move__date,stock.move,date,internal,Not personal data - business record,,False
pdp_stock_move__date_deadline,stock.move,date_deadline,internal,Not personal data - business record,,False
pdp_stock_move__delay_alert_date,stock.move,delay_alert_date,internal,Not personal data - business record,,False
pdp_stock_move__description_picking_manual,stock.move,description_picking_manual,sensitive,UU 27/2022 Art. 4(3) - data pribadi spesifik,Free text - may contain any category of personal data; dropped to NULL at load.,True
pdp_stock_move__id,stock.move,id,internal,Not personal data - business record,,False
pdp_stock_move__inventory_name,stock.move,inventory_name,internal,Not personal data - business record,,False
pdp_stock_move__is_dropship,stock.move,is_dropship,internal,Not personal data - business record,,False
pdp_stock_move__is_in,stock.move,is_in,internal,Not personal data - business record,,False
pdp_stock_move__is_inventory,stock.move,is_inventory,internal,Not personal data - business record,,False
pdp_stock_move__is_loan,stock.move,is_loan,internal,Not personal data - business record,,False
pdp_stock_move__is_out,stock.move,is_out,internal,Not personal data - business record,,False
pdp_stock_move__location_dest_id,stock.move,location_dest_id,internal,Not personal data - business record,,False
pdp_stock_move__location_final_id,stock.move,location_final_id,internal,Not personal data - business record,,False
pdp_stock_move__location_id,stock.move,location_id,internal,Not personal data - business record,,False
pdp_stock_move__manual_consumption,stock.move,manual_consumption,internal,Not personal data - business record,,False
pdp_stock_move__next_serial,stock.move,next_serial,internal,Not personal data - business record,,False
pdp_stock_move__next_serial_count,stock.move,next_serial_count,internal,Not personal data - business record,,False
pdp_stock_move__operation_id,stock.move,operation_id,internal,Not personal data - business record,,False
pdp_stock_move__orderpoint_id,stock.move,orderpoint_id,internal,Not personal data - business record,,False
pdp_stock_move__origin,stock.move,origin,internal,Not personal data - business record,,False
pdp_stock_move__origin_returned_move_id,stock.move,origin_returned_move_id,internal,Not personal data - business record,,False
pdp_stock_move__packaging_uom_id,stock.move,packaging_uom_id,internal,Not personal data - business record,,False
pdp_stock_move__packaging_uom_qty,stock.move,packaging_uom_qty,internal,Not personal data - business record,,False
pdp_stock_move__partner_id,stock.move,partner_id,internal,Not personal data - business record,,False
pdp_stock_move__picked,stock.move,picked,internal,Not personal data - business record,,False
pdp_stock_move__picking_id,stock.move,picking_id,internal,Not personal data - business record,,False
pdp_stock_move__picking_type_id,stock.move,picking_type_id,internal,Not personal data - business record,,False
pdp_stock_move__price_unit,stock.move,price_unit,internal,Not personal data - business record,,False
pdp_stock_move__priority,stock.move,priority,internal,Not personal data - business record,,False
pdp_stock_move__procure_method,stock.move,procure_method,internal,Not personal data - business record,,False
pdp_stock_move__product_id,stock.move,product_id,internal,Not personal data - business record,,False
pdp_stock_move__product_qty,stock.move,product_qty,internal,Not personal data - business record,,False
pdp_stock_move__product_uom,stock.move,product_uom,internal,Not personal data - business record,,False
pdp_stock_move__product_uom_qty,stock.move,product_uom_qty,internal,Not personal data - business record,,False
pdp_stock_move__production_group_id,stock.move,production_group_id,internal,Not personal data - business record,,False
pdp_stock_move__production_id,stock.move,production_id,internal,Not personal data - business record,,False
pdp_stock_move__propagate_cancel,stock.move,propagate_cancel,internal,Not personal data - business record,,False
pdp_stock_move__purchase_line_id,stock.move,purchase_line_id,internal,Not personal data - business record,,False
pdp_stock_move__quantity,stock.move,quantity,internal,Not personal data - business record,,False
pdp_stock_move__raw_material_production_id,stock.move,raw_material_production_id,internal,Not personal data - business record,,False
pdp_stock_move__reference,stock.move,reference,internal,Not personal data - business record,,False
pdp_stock_move__repair_id,stock.move,repair_id,internal,Not personal data - business record,,False
pdp_stock_move__repair_line_type,stock.move,repair_line_type,internal,Not personal data - business record,,False
pdp_stock_move__reservation_date,stock.move,reservation_date,internal,Not personal data - business record,,False
pdp_stock_move__restrict_partner_id,stock.move,restrict_partner_id,internal,Not personal data - business record,,False
pdp_stock_move__rule_id,stock.move,rule_id,internal,Not personal data - business record,,False
pdp_stock_move__sale_line_id,stock.move,sale_line_id,internal,Not personal data - business record,,False
pdp_stock_move__scrap_id,stock.move,scrap_id,internal,Not personal data - business record,,False
pdp_stock_move__sequence,stock.move,sequence,internal,Not personal data - business record,,False
pdp_stock_move__state,stock.move,state,internal,Not personal data - business record,,False
pdp_stock_move__to_refund,stock.move,to_refund,internal,Not personal data - business record,,False
pdp_stock_move__unbuild_id,stock.move,unbuild_id,internal,Not personal data - business record,,False
pdp_stock_move__unit_factor,stock.move,unit_factor,internal,Not personal data - business record,,False
pdp_stock_move__value,stock.move,value,internal,Not personal data - business record,,False
pdp_stock_move__warehouse_id,stock.move,warehouse_id,internal,Not personal data - business record,,False
pdp_stock_move__weight,stock.move,weight,internal,Not personal data - business record,,False
pdp_stock_move__workorder_id,stock.move,workorder_id,internal,Not personal data - business record,,False
pdp_stock_move__write_date,stock.move,write_date,internal,Not personal data - business record,,False
pdp_stock_move__write_uid,stock.move,write_uid,internal,Not personal data - business record,,False
pdp_stock_picking__async_validate_job_uuid,stock.picking,async_validate_job_uuid,internal,Not personal data - business record,,False
pdp_stock_picking__backorder_id,stock.picking,backorder_id,internal,Not personal data - business record,,False
pdp_stock_picking__carrier_id,stock.picking,carrier_id,internal,Not personal data - business record,,False
pdp_stock_picking__carrier_price,stock.picking,carrier_price,internal,Not personal data - business record,,False
pdp_stock_picking__carrier_tracking_ref,stock.picking,carrier_tracking_ref,internal,Not personal data - business record,,False
pdp_stock_picking__company_id,stock.picking,company_id,internal,Not personal data - business record,,False
pdp_stock_picking__create_date,stock.picking,create_date,internal,Not personal data - business record,,False
pdp_stock_picking__create_uid,stock.picking,create_uid,internal,Not personal data - business record,,False
pdp_stock_picking__date_deadline,stock.picking,date_deadline,internal,Not personal data - business record,,False
pdp_stock_picking__date_done,stock.picking,date_done,internal,Not personal data - business record,,False
pdp_stock_picking__has_deadline_issue,stock.picking,has_deadline_issue,internal,Not personal data - business record,,False
pdp_stock_picking__id,stock.picking,id,internal,Not personal data - business record,,False
pdp_stock_picking__is_locked,stock.picking,is_locked,internal,Not personal data - business record,,False
pdp_stock_picking__l10n_purchase_type,stock.picking,l10n_purchase_type,internal,Not personal data - business record,,False
pdp_stock_picking__location_dest_id,stock.picking,location_dest_id,internal,Not personal data - business record,,False
pdp_stock_picking__location_id,stock.picking,location_id,internal,Not personal data - business record,,False
pdp_stock_picking__move_type,stock.picking,move_type,internal,Not personal data - business record,,False
pdp_stock_picking__name,stock.picking,name,internal,Not personal data - business record,,False
pdp_stock_picking__note,stock.picking,note,sensitive,UU 27/2022 Art. 4(3) - data pribadi spesifik,Free text - may contain any category of personal data; dropped to NULL at load.,True
pdp_stock_picking__operating_unit_id,stock.picking,operating_unit_id,internal,Not personal data - business record,,False
pdp_stock_picking__origin,stock.picking,origin,internal,Not personal data - business record,,False
pdp_stock_picking__owner_id,stock.picking,owner_id,internal,Not personal data - business record,,False
pdp_stock_picking__partner_id,stock.picking,partner_id,internal,Not personal data - business record,,False
pdp_stock_picking__picking_properties,stock.picking,picking_properties,internal,Not personal data - business record,,False
pdp_stock_picking__picking_type_id,stock.picking,picking_type_id,internal,Not personal data - business record,,False
pdp_stock_picking__pos_order_id,stock.picking,pos_order_id,internal,Not personal data - business record,,False
pdp_stock_picking__pos_session_id,stock.picking,pos_session_id,internal,Not personal data - business record,,False
pdp_stock_picking__printed,stock.picking,printed,internal,Not personal data - business record,,False
pdp_stock_picking__priority,stock.picking,priority,internal,Not personal data - business record,,False
pdp_stock_picking__project_id,stock.picking,project_id,internal,Not personal data - business record,,False
pdp_stock_picking__return_id,stock.picking,return_id,internal,Not personal data - business record,,False
pdp_stock_picking__sale_id,stock.picking,sale_id,internal,Not personal data - business record,,False
pdp_stock_picking__scheduled_date,stock.picking,scheduled_date,internal,Not personal data - business record,,False
pdp_stock_picking__shipping_weight,stock.picking,shipping_weight,internal,Not personal data - business record,,False
pdp_stock_picking__state,stock.picking,state,internal,Not personal data - business record,,False
pdp_stock_picking__user_id,stock.picking,user_id,internal,Not personal data - business record,,False
pdp_stock_picking__website_id,stock.picking,website_id,internal,Not personal data - business record,,False
pdp_stock_picking__weight,stock.picking,weight,internal,Not personal data - business record,,False
pdp_stock_picking__wms_external_ref,stock.picking,wms_external_ref,internal,Not personal data - business record,,False
pdp_stock_picking__wms_qc_date,stock.picking,wms_qc_date,internal,Not personal data - business record,,False
pdp_stock_picking__wms_qc_notes,stock.picking,wms_qc_notes,internal,Not personal data - business record,,False
pdp_stock_picking__wms_qc_release_ok,stock.picking,wms_qc_release_ok,internal,Not personal data - business record,,False
pdp_stock_picking__wms_qc_release_picking_id,stock.picking,wms_qc_release_picking_id,internal,Not personal data - business record,,False
pdp_stock_picking__wms_qc_state,stock.picking,wms_qc_state,internal,Not personal data - business record,,False
pdp_stock_picking__wms_qc_user_id,stock.picking,wms_qc_user_id,internal,Not personal data - business record,,False
pdp_stock_picking__write_date,stock.picking,write_date,internal,Not personal data - business record,,False
pdp_stock_picking__write_uid,stock.picking,write_uid,internal,Not personal data - business record,,False
pdp_stock_picking__x_custom_ic_mirror_picking_id,stock.picking,x_custom_ic_mirror_picking_id,internal,Not personal data - business record,,False
pdp_stock_picking__x_custom_ic_rule_id,stock.picking,x_custom_ic_rule_id,internal,Not personal data - business record,,False
pdp_stock_picking__x_custom_ic_source_picking_id,stock.picking,x_custom_ic_source_picking_id,internal,Not personal data - business record,,False
pdp_stock_picking__x_custom_ppob_bucket_id,stock.picking,x_custom_ppob_bucket_id,internal,Not personal data - business record,,False
pdp_stock_picking__x_custom_ppob_dp_invoice_id,stock.picking,x_custom_ppob_dp_invoice_id,internal,Not personal data - business record,,False
pdp_stock_picking__x_custom_ppob_transaction_id,stock.picking,x_custom_ppob_transaction_id,internal,Not personal data - business record,,False
